"","Methanobacteriales","Methanococcales","Methanomicrobiales","Methanosarcinales","Methanofastidiosales","CandidatusAmesbacteria.bacterium.GW2011_GWC1_47_15.","CandidatusDiapherotrites.archaeon.ADurb.Bin253.","CandidatusPacearchaeota.archaeon.CG1_02_32_21.","CandidatusStaskawiczbacteria.bacterium.RIFOXYA2_FULL_32_7.","Euryarchaeotaarchaeon.SCGC.AAA286.E23.","metagenome","unculturedarchaeon.CLEAR.15.","unculturedarchaeon.","unculturedbacterium.","unculturedcrenarchaeote.","unculturedeuryarchaeote.","uncultured","Nitrosopumilales","Nitrososphaerales","Solibacterales","Aminicenantales","1124.","Blastocatellales","DS100.","Acanthopleuribacterales","Holophagales","Subgroup7.","Subgroup7","unculturedAcidobacteria.bacterium.","unculturedsoil.bacterium.","unculturedorganism.","Acidobacteriabacterium.SCN.69.37.","UnknownOrder.","unculturedsludge.bacterium.H3.","unidentified","Thermoanaerobaculales","Actinomarinales","IMCC26256","Microtrichales","Actinomycetales","Bifidobacteriales","Corynebacteriales","Frankiales","Micrococcales","PeM15","Propionibacteriales","Coriobacteriales","Gaiellales","Solirubrobacterales","Chthonomonadales","Fimbriimonadales","unculturedbacterium.SJA.171.","Caldatribacteriales","Omnitrophicabacterium.OLB16.","unculturedsoil.bacterium.PBS.III.18.","Bacteroidales","BacteroidetesVC2.1.Bac22.","Chitinophagales","Cytophagales","Flavobacteriales","ML602M17.","SM1A07","Sphingobacteriales","Ignavibacteriales","Kryptoniales","OPB56","SJA28.","SJA28","Rhodothermales","Caldisericales","Calditrichales","Chlamydiales","120.","Anaerolineales","Ardenticatenales","C10SB1A.","Caldilineales","RBG13.54.9.","RBG13.54.9","SBR1031","SJA15.","SJA15","Chloroflexales","Thermomicrobiales","S085","unculturedChloroflexi.bacterium.","C0119","Chloroflexibacterium.OLB14.","unculturedChloroflexus.sp..","Cloacimonadales","Caenarcaniphilales","Obscuribacterales","Vampirovibrionales","Chloroplast","Nostocales","Dadabacteriales","Deinococcales","Thermales","Babeliales","LineageIV.","MVP88.","unculturedactinobacterium.","Elusimicrobiabacterium.RIFCSPHIGHO2_02_FULL_39_36.","Campylobacterales","Chitinivibrionales","Fibrobacterales","unculturedbacterium.mle1.9.","Bacillales","Lactobacillales","Clostridiales","D8A2.","DTU014","Thermoanaerobacterales","Erysipelotrichales","Selenomonadales","Fusobacteriales","unculturedGemmatimonadetes.bacterium.","Gemmatimonadales","Hydrogenedentiales","Kiritimatiellales","WCHB141.","WCHB141","Latescibacterales","unculturedAcidobacterium.sp..","unculturedBacteroidetes.bacterium.","unculturedFibrobacteres.bacterium.","unculturedLatescibacteria.bacterium.","unculturedPelobacter.sp..","unculturedprokaryote.","unculturedproteobacterium.","unculturedsoil.bacterium.PBS.III.30.","Victivallales","Oligosphaerales","SS1B.02.17.","Moduliflexales","Nitrospinales","Nitrospirales","Omnitrophales","unculturedOmnitrophica.bacterium.","OmnitrophicaWOR_2.bacterium.RIFOXYA2_FULL_38_17.","mixedculture.isolate.koll11.","uncultureddeep.sea.bacterium.","unculturedplanctomycete.","CandidatusFalkowbacteria.","CandidatusKerfeldbacteria.","CandidatusKuenenbacteria.","CandidatusMagasanikbacteria.","CandidatusMagasanikbacteria","CandidatusUhrbacteria.","Absconditabacteriales.SR1..","Absconditabacteriales.SR1.","CandidatusAbawacabacteria.","CandidatusPeregrinibacteria.","CandidatusPeregrinibacteria","CandidatusPeribacteria.","Gracilibacteriabacterium.canine.oral.taxon.291.","JGI0000069.P22.","JGI0000069.P22","groundwatermetagenome.","marinemetagenome.","wastewatermetagenome.","CandidatusAmesbacteria.","CandidatusPacebacteria.","CandidatusWoesebacteria.","CandidatusWoesebacteria","CandidatusAzambacteria","CandidatusCampbellbacteria.","CandidatusKaiserbacteria.","CandidatusKaiserbacteria","CandidatusMoranbacteria.","CandidatusMoranbacteria","CandidatusNomurabacteria.","CandidatusVogelbacteria.","CandidatusYonathbacteria.","GWA238.13b.","unculturedParcubacteria.group.bacterium.","Saccharimonadales","Brocadiales","planctomyceteA.2.","unculturedPlanctomyces.sp..","unculturedPlanctomycetaceae.bacterium.","unculturedPlanctomycetales.bacterium.","unculturedmicroorganism.","C86","CCM11a","MSBL9","Phycisphaerales","Pla1lineage.","S70.","S70","Tepidisphaerales","mle18.","mle18","unculturedrumen.bacterium.","Gemmatales","Isosphaerales","Pirellulales","Planctomycetales","Acetobacterales","Azospirillales","Caedibacterales","Caulobacterales","Dongiales","Elsterales","Holosporales","Kordiimonadales","Micavibrionales","Micropepsales","Paracaedibacterales","Parvibaculales","Puniceispirillales","Reyranellales","Rhizobiales","Rhodobacterales","Rhodospirillales","Rhodovibrionales","Rickettsiales","Sneathiellales","Sphingomonadales","Thalassobaculales","Tistrellales","Bdellovibrionales","Bradymonadales","DeltaproteobacteriaIncertae.Sedis.","Desulfarculales","Desulfobacterales","Desulfovibrionales","Desulfuromonadales","MBNT15","Myxococcales","NB1j.","NB1j","Oligoflexales","PB19","SAR324clade.Marine.group.B..","SAR324clade.Marine.group.B.","Sva0485","Syntrophobacterales","101328.CG33.","Acidiferrobacterales","Aeromonadales","Alteromonadales","Arenicellales","BD72BR169","Beggiatoales","Betaproteobacteriales","CCM19a","CHABXI.27.","CHABXI.27","Cardiobacteriales","Cellvibrionales","Chromatiales","Competibacterales","Coxiellales","Diplorickettsiales","EC3","EPR3968O8a.Bc78.","EV818SWSAP88","Ectothiorhodospirales","Enterobacteriales","F9P41300M23.","Francisellales","Ga0077536","GammaproteobacteriaIncertae.Sedis.","HOC36","I3A","Immundisolibacterales","JG36GS.52.","JG36TzT.191.","JTB23","KFJG30.C25.","KI89Aclade.","KI89Aclade","Legionellales","MBAE14","Methylococcales","Nitrococcales","Nitrosococcales","OM182clade.","OM182clade","Oceanospirillales","PLTA13","Pasteurellales","Piscirickettsiales","Pseudomonadales","R7C24","RunSP154.","RunSP154","Salinisphaerales","Steroidobacterales","Tenderiales","Thiohalorhabdales","Thiotrichales","Vibrionales","Xanthomonadales","eub62A3","Rokubacteriales","Brachyspirales","Leptospirales","bacteriumenrichment.culture.clone.BBMC.13.","Brevinematales","Spirochaetales","Synergistales","Acholeplasmatales","Izimaplasmatales","MollicutesRF39.","Kosmotogales","Petrotogales","Chthoniobacterales","LD1PB3.","LD1PB3","Methylacidiphilales","Opitutales","Pedosphaerales","Verrucomicrobiales","hydrothermalvent.metagenome.","bacteriumenrichment.culture.clone.Anammox_55."
"2013/10/8",0,0,3,0,0,0,0,0,0,8,74,0,38,1909,0,48,1127,1258,3,30,0,0,35,0,118,0,0,0,0,0,40,0,0,0,0,49,90,7,157,3,23,144,0,20,79,19,0,13,191,0,34,0,0,2,0,48,5,2646,2224,2496,0,0,257,5,0,215,302,1,40,0,1072,207,16,3,170,0,270,0,0,313,0,0,0,250,0,26,0,0,0,0,2,126,49,9,0,101,0,0,103,0,0,0,0,113,0,2,0,80,21,296,0,0,0,13,9,19,9,99,38,0,17,17,524,0,0,0,32,0,0,0,31,2,0,6,0,244,976,37,0,0,0,20,47,0,2,0,21,0,0,9,1,0,2,2,0,2,0,3,0,0,1,0,0,0,0,0,0,39,0,2,0,0,6,0,0,0,13,0,0,12,0,20,0,2,38,0,175,2,0,0,0,31,17,0,87,0,330,573,10,8,0,221,0,0,11,69,280,3,6,3,20,0,973,1055,82,58,244,4,139,20,10,577,37,0,27,12,8,0,2,1262,36,19,119,197,102,54,7,29,0,0,2,14,0,0,0,8172,74,2,0,0,2176,1344,6,98,21,17,14,0,12,42,3,12,71,111,12,0,11,0,0,15,0,26,37,2,258,0,83,43,70,18,316,18,27,2,586,0,0,0,0,2,13,4,0,152,664,58,0,0,643,0,0,17,6,0,0,0,0,0,2,0,0,16,40,29,122,8,0
"2013/10/9",2,0,0,0,0,0,0,0,3,9,64,0,34,1816,0,38,1175,1279,0,35,0,0,40,0,143,0,0,0,0,0,39,0,0,0,0,60,90,18,235,2,27,171,0,29,71,27,2,13,194,0,50,0,0,1,0,64,10,3419,2731,3035,0,2,311,10,0,335,387,0,40,0,1201,205,20,9,163,0,252,0,0,399,0,0,0,245,2,22,0,0,0,0,3,126,43,4,0,154,4,0,169,0,0,0,0,108,0,0,0,79,20,372,0,0,0,13,2,8,8,90,26,0,22,15,499,0,0,0,33,0,0,0,49,2,0,0,0,231,944,37,2,0,0,16,64,2,0,0,24,0,0,6,0,0,14,0,0,7,0,0,3,0,15,0,0,0,2,0,0,33,2,2,0,0,3,0,0,0,14,0,0,8,6,14,0,3,35,0,178,0,5,5,0,25,22,0,83,0,346,549,13,7,0,307,0,0,16,101,295,3,7,0,23,0,1173,1216,98,66,297,2,120,36,11,563,30,0,23,20,15,0,0,1294,37,20,156,235,143,38,7,41,0,0,5,18,0,0,2,7822,99,5,0,2,2293,1585,2,87,15,22,14,0,4,24,0,10,75,102,8,0,16,0,0,12,0,10,26,4,325,0,72,38,88,21,403,21,24,0,766,0,0,0,2,3,20,3,0,194,653,57,0,0,970,0,0,24,2,0,2,0,0,0,0,0,0,11,53,31,108,7,0
"2013/10/10",0,0,0,0,0,0,0,0,0,19,102,0,42,2237,0,48,1251,1673,0,38,0,0,50,0,133,0,0,0,0,0,38,0,0,0,0,54,103,7,224,0,30,158,0,32,86,27,6,17,227,0,40,0,0,3,0,55,4,3199,2796,3244,0,0,250,9,0,314,477,1,33,0,1246,197,19,6,161,0,291,0,0,445,0,0,0,266,2,26,0,0,0,0,15,153,54,8,0,189,3,0,146,0,0,0,0,161,0,3,0,86,30,391,0,0,0,8,10,14,6,113,40,0,17,20,537,0,0,0,45,0,0,0,48,4,0,0,0,327,966,44,0,0,0,17,54,0,1,0,27,0,0,8,1,0,14,0,3,3,0,2,5,0,6,0,0,0,0,0,0,36,0,3,0,0,0,0,0,0,24,0,0,16,3,13,0,3,48,0,223,2,5,6,0,47,16,0,79,0,366,759,13,4,0,297,0,0,13,109,300,0,19,0,11,0,1326,1288,103,69,324,6,166,35,11,572,44,0,20,23,13,0,7,1253,39,20,132,214,133,41,8,37,0,0,8,42,0,0,0,9118,71,3,0,0,2763,1501,3,70,14,18,11,0,32,40,0,20,103,117,10,0,16,0,0,13,0,12,34,6,278,0,84,42,71,24,351,14,35,9,680,0,0,0,0,6,24,3,0,193,650,92,0,0,1009,0,0,29,6,0,0,0,0,0,2,0,0,17,112,44,157,17,0
"2013/10/11",0,0,0,0,0,0,0,0,2,9,82,0,43,1941,0,74,1424,1596,0,30,0,0,44,0,101,0,0,0,0,0,33,0,0,0,0,69,79,15,231,2,36,195,0,36,92,38,3,20,193,0,37,0,0,0,0,79,6,3242,2424,2988,0,0,257,10,0,312,440,3,57,0,1243,166,23,13,168,0,270,0,0,432,0,0,0,309,0,27,0,0,0,0,18,153,59,9,2,196,3,0,71,0,0,0,0,192,0,7,0,112,7,339,0,0,0,21,12,12,27,117,42,0,18,15,529,0,0,0,39,0,0,0,36,3,0,0,0,307,1265,34,4,0,0,21,66,4,0,0,15,0,0,8,0,0,7,0,0,5,3,0,3,0,11,0,0,6,0,0,0,50,0,0,0,0,2,0,0,0,34,0,0,10,10,15,0,0,51,0,201,2,8,0,0,33,26,0,89,0,371,669,11,6,0,285,0,0,19,77,410,2,15,2,36,0,1390,1232,108,72,356,5,183,24,5,544,43,0,23,31,16,0,9,1333,38,21,146,257,124,55,16,38,0,0,2,22,0,0,0,9330,75,7,0,0,2808,1638,3,68,10,18,9,0,21,45,0,18,82,108,19,0,19,0,0,11,0,15,39,6,296,0,89,42,81,24,417,17,19,15,578,0,0,0,0,4,27,2,0,165,616,101,0,0,1092,0,0,48,0,0,0,0,2,0,0,0,0,18,109,44,152,15,0
"2013/10/15",6,0,0,0,0,0,0,0,4,10,103,0,40,1797,0,55,1283,956,0,28,0,0,30,0,99,0,0,0,0,0,38,2,0,0,0,54,99,6,222,0,26,192,0,33,74,15,4,4,195,0,39,0,0,0,0,58,3,3815,1884,2877,0,2,260,8,0,293,396,5,44,0,1267,174,10,0,213,0,227,0,0,454,0,0,0,201,2,16,0,0,0,2,23,209,42,9,0,132,0,0,48,0,0,0,0,156,0,4,0,60,60,416,0,0,0,17,7,17,14,74,35,2,34,16,405,0,0,0,39,0,0,0,38,0,0,0,0,201,1187,22,0,0,0,15,47,0,0,0,14,0,0,10,0,0,16,0,4,14,3,3,0,0,18,0,0,3,0,0,0,48,4,2,0,0,0,0,0,0,35,0,0,7,4,17,0,6,38,0,173,3,2,3,0,26,25,0,63,0,373,651,9,7,0,267,0,0,12,101,447,5,12,0,22,2,1067,1109,81,64,253,3,142,37,15,506,49,0,13,34,17,0,5,1302,39,18,123,349,130,45,10,50,0,0,8,26,0,2,2,8333,58,9,0,0,2496,1344,0,68,11,37,15,0,43,26,0,54,73,127,20,0,12,0,0,10,0,26,34,12,259,0,72,52,44,9,483,5,18,8,1373,0,0,0,0,2,17,0,0,168,637,106,0,0,404,0,0,14,7,0,0,0,2,5,3,0,0,30,22,42,200,11,0
"2013/10/16",2,2,0,0,0,0,0,0,4,8,103,0,43,2470,0,65,1691,1557,0,35,0,0,41,0,181,0,0,0,0,0,72,2,0,0,0,68,123,10,311,4,57,250,0,53,136,29,4,15,319,0,54,0,0,0,0,113,6,6009,2884,4473,0,3,341,10,0,414,503,0,51,0,1873,194,30,9,283,0,359,2,0,614,0,0,0,340,0,23,0,0,0,0,44,352,79,8,0,221,2,0,47,0,0,0,0,254,0,20,0,72,50,572,0,0,0,17,11,26,15,107,46,0,38,25,544,0,0,0,39,0,0,0,35,3,0,0,0,353,1312,44,0,0,0,23,71,0,0,0,33,0,0,17,0,0,27,2,2,10,18,5,2,0,27,0,0,0,3,0,4,68,6,0,0,0,4,0,0,0,43,0,0,11,3,17,0,3,46,0,244,2,8,9,0,48,33,0,109,0,469,1035,13,11,0,328,0,0,21,116,632,7,8,0,28,0,1791,1635,111,74,373,6,230,48,14,687,96,0,19,51,22,7,0,1804,52,17,151,468,150,57,9,52,0,0,6,28,0,0,2,11355,70,9,0,3,3152,2204,4,111,10,41,20,0,5,37,3,96,114,226,23,0,32,0,0,10,0,24,35,12,310,0,109,50,59,9,563,21,49,9,1627,0,0,0,0,2,25,4,2,247,831,102,0,2,505,0,0,45,8,0,0,0,0,0,6,0,0,14,52,38,333,20,0
"2013/10/17",0,0,0,0,0,0,0,0,2,2,106,0,38,1847,0,53,1606,1373,0,33,0,0,53,0,173,0,0,0,0,0,56,2,0,0,0,73,105,11,293,0,39,212,0,47,101,26,5,7,255,0,48,0,0,0,0,84,0,5990,2599,3816,0,3,348,5,0,336,431,6,53,0,1584,146,27,11,237,0,336,2,0,407,0,0,0,327,0,27,0,0,0,2,37,292,79,3,2,191,0,0,47,0,0,0,0,236,0,4,0,61,70,483,0,0,0,19,15,29,15,65,61,0,57,16,537,0,0,0,53,0,0,0,27,6,0,2,0,349,1207,37,0,0,0,15,59,0,0,0,17,0,0,19,2,3,32,3,3,14,27,3,5,0,9,0,0,2,4,0,6,36,4,3,0,0,2,0,0,0,49,0,0,13,6,22,0,0,47,0,229,6,9,7,0,40,44,0,85,0,440,1056,13,12,0,333,0,0,14,121,503,8,13,0,39,0,1447,1362,93,79,326,8,174,45,15,600,83,0,19,49,28,6,0,1626,59,21,119,477,153,61,13,43,0,0,7,36,0,0,2,11551,99,5,0,0,3132,2489,5,98,11,22,11,0,71,42,3,66,64,148,15,0,39,0,0,8,0,28,48,7,288,0,132,44,78,11,656,10,35,20,1288,0,0,0,0,4,31,0,0,256,858,96,0,0,454,0,0,36,20,0,3,0,0,2,2,0,0,25,16,61,355,14,0
"2013/10/18",2,0,0,0,0,4,0,0,2,9,100,0,25,1903,0,17,1607,998,0,38,0,0,50,0,149,0,0,0,0,0,56,0,0,0,0,68,103,11,276,7,62,218,0,69,151,22,10,10,240,0,47,0,0,1,0,101,9,6120,2279,3556,0,2,287,15,0,347,477,0,52,0,1773,168,27,8,265,0,332,0,0,452,0,0,0,271,5,31,0,0,0,2,21,231,65,7,0,145,5,0,29,0,0,0,0,240,0,11,0,71,67,520,0,0,0,20,15,5,13,80,39,0,39,8,489,0,0,0,41,0,0,0,37,0,0,0,0,317,1646,42,3,0,0,14,53,0,0,0,25,0,0,31,0,0,22,6,4,6,42,0,3,0,15,0,0,8,0,0,0,34,2,3,0,0,0,0,0,0,48,0,0,12,4,20,0,0,40,0,217,2,3,7,0,40,25,0,57,0,381,874,14,11,0,254,0,0,17,116,483,6,5,0,29,0,1648,1562,103,81,327,3,225,77,15,565,87,0,35,47,32,2,7,1681,63,21,72,506,170,52,11,48,0,0,4,33,0,0,4,11229,76,5,0,0,2907,2441,4,117,10,13,7,0,40,26,0,52,85,226,17,2,17,0,0,13,0,19,34,6,311,0,131,37,55,9,604,21,33,5,1119,0,0,0,0,0,22,0,0,309,878,131,0,0,460,0,0,50,16,0,0,0,4,0,0,0,0,15,31,45,330,15,0
"2013/10/21",5,5,2,0,0,0,0,0,0,5,84,0,33,1704,0,44,1677,852,0,26,0,0,32,0,213,2,0,0,0,0,35,0,0,0,0,87,61,20,267,5,58,237,0,69,250,32,3,8,240,0,58,0,0,7,0,81,0,7012,1905,3404,0,0,311,14,0,283,450,0,48,0,1970,120,29,13,353,0,306,0,0,420,0,0,0,261,0,23,0,0,0,3,14,276,67,9,0,159,3,0,28,0,2,0,0,226,0,32,0,38,54,485,0,0,0,8,8,17,19,65,52,2,54,19,465,0,0,0,36,0,0,0,26,2,0,0,0,214,1186,55,3,0,0,14,43,4,0,0,15,0,0,41,5,0,18,10,2,2,9,5,2,0,20,0,0,6,2,0,2,48,4,4,0,0,0,0,0,0,34,0,0,20,4,20,0,2,46,0,204,0,4,9,0,50,21,0,65,0,415,872,19,17,2,315,0,0,17,119,540,5,10,0,35,0,1874,1624,76,55,268,5,272,85,21,510,73,0,33,60,46,5,4,1519,52,26,126,295,128,46,8,50,0,0,7,28,2,0,0,12200,88,0,0,0,3260,3512,16,130,4,19,11,0,17,13,3,22,72,353,16,0,28,0,0,8,0,18,48,2,363,0,152,43,68,10,880,9,29,11,1271,0,0,0,0,2,28,0,0,268,1072,111,0,0,442,0,0,48,13,2,5,0,3,2,0,0,0,19,8,47,354,19,0
"2013/10/22",3,2,2,0,0,2,0,0,3,2,74,0,19,1317,0,35,1338,573,0,34,0,0,27,0,154,0,0,0,0,0,41,0,0,0,0,47,41,14,243,2,36,184,0,51,240,30,3,5,208,0,18,0,0,0,0,62,2,4874,1191,2431,0,0,172,11,0,221,334,4,26,0,1377,111,33,9,310,0,301,0,0,326,0,0,0,270,0,15,0,0,0,0,7,244,60,9,0,102,4,0,49,0,2,0,0,187,0,29,0,19,44,309,0,0,0,17,9,23,9,29,17,0,50,14,373,0,0,0,26,0,0,0,20,0,0,0,0,162,1073,53,2,0,0,17,17,2,0,0,12,3,0,37,0,0,19,10,0,3,3,3,6,0,12,0,0,3,4,0,0,31,5,0,0,0,3,0,0,0,20,0,0,7,7,20,0,0,46,0,168,4,5,8,0,33,41,0,43,0,409,686,18,18,0,281,0,0,14,77,440,7,6,0,21,0,1548,1322,59,48,202,6,204,81,30,370,43,0,18,42,32,9,2,1120,35,9,71,251,112,62,11,26,0,0,4,18,0,2,0,9713,72,3,0,0,2664,3281,14,99,0,16,6,0,46,25,0,8,71,335,19,0,6,0,0,6,0,24,22,0,266,0,145,35,70,12,580,15,23,5,1035,0,0,0,0,0,16,0,0,220,866,99,0,0,405,0,0,25,17,0,2,0,0,2,0,0,0,18,6,54,334,17,0
"2013/10/23",2,4,0,0,0,2,0,0,2,3,79,0,21,1361,0,47,1624,794,0,12,0,0,25,0,199,0,0,0,0,0,46,4,0,0,0,74,48,19,278,8,42,218,0,43,262,19,5,13,239,0,27,0,0,0,0,85,3,6273,1646,3297,0,0,330,10,0,245,361,9,43,0,1790,98,32,20,363,0,328,2,0,514,0,0,0,269,0,10,0,0,0,0,18,226,67,0,0,117,7,0,45,0,0,0,0,147,0,38,0,28,45,319,0,0,0,15,4,21,20,50,35,0,32,13,426,0,0,0,30,0,0,0,20,3,0,0,0,221,1022,51,2,0,0,20,36,2,0,0,19,5,2,26,9,0,21,9,0,0,0,2,5,0,26,0,0,0,4,0,0,38,3,0,0,0,0,0,0,0,30,0,0,13,6,18,0,0,50,0,212,0,7,7,0,34,36,0,86,0,432,854,8,12,0,258,0,0,12,82,522,10,5,0,23,0,1497,1374,68,60,245,3,199,79,28,496,52,0,24,36,29,3,0,1335,57,18,92,290,98,40,15,25,0,0,7,24,2,2,0,11487,74,2,0,2,3026,3916,12,145,0,15,9,8,17,18,7,10,70,290,24,0,25,0,0,4,0,23,40,3,237,0,151,48,67,8,647,8,41,19,1257,0,0,0,0,0,17,0,0,190,894,139,0,2,403,0,0,48,16,0,3,0,0,0,0,0,0,16,22,45,403,10,0
"2013/10/24",0,3,2,0,0,2,0,0,0,1,88,0,10,1258,0,28,1582,690,0,33,0,0,20,0,249,0,0,0,0,0,40,0,0,0,0,75,34,23,283,0,56,233,0,47,302,33,5,12,230,0,43,0,0,0,0,73,3,6451,1498,3418,0,0,342,5,0,240,399,8,32,0,1780,113,39,17,343,0,289,0,0,388,0,0,0,229,2,10,0,0,0,0,0,193,74,2,0,142,0,0,48,0,3,0,0,174,0,28,0,17,60,401,0,0,0,11,6,20,8,25,23,0,40,20,310,0,0,0,24,0,0,0,26,0,0,2,0,171,820,43,2,0,0,13,41,0,2,0,20,2,0,29,8,0,9,8,0,2,0,6,3,0,17,0,0,3,3,0,0,31,3,0,0,0,0,0,3,0,31,0,0,8,2,24,0,0,45,0,184,4,2,13,0,57,35,0,51,0,485,718,14,10,0,269,0,0,6,107,529,7,3,2,41,0,1642,1248,91,53,335,4,203,58,42,528,33,0,32,34,24,0,6,1143,33,13,120,236,111,62,8,25,0,0,4,13,0,5,0,9202,72,2,0,0,2853,4081,9,207,2,18,8,17,80,12,6,4,63,306,26,0,12,0,0,11,0,26,43,6,295,0,144,34,52,12,617,22,35,14,1188,0,0,0,0,0,20,0,4,181,727,107,0,0,503,0,0,43,6,0,2,0,0,2,0,0,0,13,11,39,343,7,0
"2013/10/25",5,4,0,3,0,4,0,0,0,4,90,0,7,1386,0,45,1665,832,0,21,0,0,24,0,200,0,0,0,0,0,35,0,0,0,0,74,44,27,335,2,54,287,0,47,265,31,9,20,320,0,28,0,0,2,0,67,4,6466,1749,3851,0,0,338,5,0,241,483,2,31,0,1734,102,64,25,438,0,352,4,0,793,0,0,0,335,3,16,0,0,0,2,3,164,79,3,0,170,4,0,56,0,0,0,0,135,0,15,0,33,38,441,0,0,0,21,21,15,20,33,36,0,50,13,333,0,0,0,44,0,0,0,22,2,0,0,0,206,996,39,3,0,3,12,37,0,0,0,10,0,2,14,6,0,6,4,0,2,0,2,10,0,22,0,0,5,9,0,2,29,5,0,0,0,0,0,0,0,32,0,0,12,9,25,0,0,48,0,181,2,10,2,0,56,43,0,63,0,462,928,11,11,0,269,0,0,10,111,572,4,2,0,33,0,1898,1532,73,56,235,9,227,85,37,571,48,0,21,50,28,3,4,1108,55,5,132,236,123,66,11,25,0,0,4,24,2,5,0,11514,69,3,3,2,2676,3568,10,237,4,13,10,40,29,19,9,7,81,260,18,0,12,0,0,9,0,23,25,7,233,0,124,41,33,9,537,11,42,12,1571,0,0,0,0,2,18,0,0,234,716,141,0,0,543,0,0,41,19,0,5,0,2,2,0,0,0,5,36,45,372,24,0
"2013/10/28",4,4,0,0,0,4,0,0,0,2,67,0,26,1130,0,100,1683,742,0,10,0,0,25,0,217,0,0,0,0,0,32,0,0,0,0,73,31,16,252,4,63,262,0,44,157,34,4,30,253,0,18,0,0,0,0,93,3,6557,1457,4703,0,0,377,5,0,249,397,5,29,0,1763,86,83,42,378,0,341,0,0,853,0,0,0,292,0,9,0,0,0,2,9,101,83,4,0,160,6,0,55,0,0,0,0,218,0,5,0,49,44,426,0,0,0,11,4,20,8,28,38,0,69,10,232,0,0,0,27,0,0,0,22,0,0,0,0,211,1064,52,0,0,0,12,19,0,2,0,4,0,0,11,2,0,22,5,0,2,4,6,19,0,16,0,0,3,0,0,0,24,2,0,0,0,0,0,0,0,28,0,0,10,3,41,0,0,42,0,189,0,7,8,0,32,28,0,61,0,362,777,9,8,4,227,0,0,7,87,623,10,7,0,36,0,1718,1293,75,41,194,3,195,62,37,702,43,0,31,53,18,3,0,918,44,10,199,298,108,55,9,20,0,0,6,19,2,9,0,10284,64,0,0,0,2704,3302,18,180,0,10,5,41,23,28,2,7,78,284,66,2,15,0,0,9,0,14,24,23,257,0,100,35,26,7,602,21,11,20,1080,0,0,0,0,2,15,0,2,253,674,45,0,0,581,0,0,49,7,2,3,0,2,0,0,0,0,8,30,41,445,5,0
"2013/10/29",2,0,0,0,0,10,0,0,3,2,35,0,21,659,0,127,944,442,0,8,0,0,12,0,152,0,0,0,0,0,36,0,0,0,0,37,24,15,113,2,37,130,0,28,67,14,4,15,111,0,11,0,0,0,0,28,2,3798,804,2438,0,0,201,8,0,188,244,1,19,0,1094,74,31,22,261,0,174,0,0,680,0,0,0,107,0,7,0,0,0,0,2,39,46,3,0,97,5,0,38,0,3,0,0,107,0,3,0,19,26,264,0,0,0,9,6,20,5,16,17,0,51,5,130,0,0,0,19,0,0,0,22,0,0,0,0,100,451,41,4,0,0,9,9,0,3,0,2,0,0,20,3,0,30,4,0,0,0,0,12,0,10,0,0,3,4,0,0,28,4,0,0,0,0,0,0,2,13,0,0,7,0,14,0,5,33,0,118,0,0,2,0,20,17,0,52,0,282,444,2,5,0,151,0,0,7,64,414,4,2,0,17,0,924,737,35,16,118,3,125,32,16,409,16,0,24,24,8,0,2,564,16,9,90,158,58,44,0,8,0,0,5,14,0,0,0,4538,42,0,0,0,1479,1361,7,104,2,7,6,35,10,20,0,2,42,234,7,0,7,0,0,7,0,7,13,3,155,0,65,15,31,7,308,10,17,15,913,0,0,0,0,0,8,0,0,170,409,31,0,0,312,0,0,24,10,0,0,0,0,0,0,0,0,10,15,29,266,3,0
"2013/10/30",0,4,0,0,0,6,0,0,0,3,61,0,12,988,0,197,1454,798,0,13,0,0,10,0,228,0,0,0,0,0,24,0,0,0,0,50,25,29,185,2,49,146,0,35,78,14,3,9,143,0,15,0,0,0,0,86,0,5689,1250,3924,0,0,283,9,0,284,320,7,24,0,1805,82,49,41,347,0,311,0,0,952,0,0,0,218,0,4,0,0,0,0,2,81,80,2,3,132,3,0,39,0,2,0,0,177,0,2,2,24,34,466,0,0,0,14,9,22,15,25,28,0,76,11,207,0,0,0,26,0,0,0,19,0,0,0,0,172,1020,76,3,0,0,9,12,0,2,0,6,0,0,16,0,0,45,8,0,0,3,7,17,0,30,0,0,0,2,0,0,25,2,0,0,4,0,0,0,0,33,0,0,2,2,35,0,2,51,0,151,0,7,4,0,20,32,0,62,0,416,730,3,4,0,204,0,0,11,67,552,4,6,0,43,0,1384,1117,49,29,178,6,195,34,24,551,38,0,16,52,19,2,5,743,39,10,141,265,102,52,6,21,0,0,8,21,0,0,2,7796,65,0,0,0,2380,2638,8,117,0,2,6,32,15,17,4,9,40,410,32,2,9,0,0,10,0,12,25,12,173,0,95,27,23,8,437,8,26,19,1362,0,0,0,0,0,10,0,0,224,647,14,0,0,398,0,0,39,14,0,11,0,0,0,0,0,0,11,26,32,398,3,0
"2013/10/31",0,6,0,0,0,9,0,0,2,0,79,0,22,993,0,191,1491,816,0,7,0,0,20,0,217,0,0,0,0,0,32,0,0,0,0,60,34,17,190,0,40,183,0,34,88,21,3,13,134,0,23,0,0,0,0,68,0,5942,1347,3874,0,0,260,4,0,215,312,3,23,0,1783,95,49,27,369,0,323,0,0,1027,0,0,0,233,2,8,0,0,0,0,7,74,62,3,0,129,8,0,39,0,2,0,0,162,0,7,0,30,45,424,0,0,0,20,19,17,10,19,30,0,60,9,202,0,0,0,20,0,0,0,14,0,0,0,0,189,829,89,7,0,0,7,28,0,8,3,5,0,2,41,2,0,67,0,0,0,7,17,5,0,15,0,0,5,0,0,0,40,3,2,0,2,2,0,0,0,28,0,0,7,2,40,0,0,50,0,163,4,2,9,0,19,23,0,77,0,472,807,5,0,0,171,0,0,6,70,533,5,3,0,15,0,1240,983,60,29,181,0,129,37,30,611,40,0,23,38,18,0,2,839,38,13,131,273,101,50,10,25,0,0,10,20,0,0,0,7904,53,0,0,0,2331,2736,12,94,9,8,3,18,2,30,0,5,62,335,29,0,11,0,0,6,0,11,20,6,209,0,103,29,31,9,446,8,18,21,1379,0,0,0,0,0,16,2,3,246,660,18,0,0,335,0,0,33,6,0,0,0,2,0,0,0,0,11,18,30,459,9,0
"2013/11/1",0,4,0,0,0,3,0,0,5,0,69,0,8,903,0,68,1330,793,0,22,0,0,12,0,223,0,0,0,0,0,26,0,0,0,0,62,30,25,202,0,41,173,0,35,91,17,6,10,243,0,17,0,0,0,0,63,0,5194,1242,3703,0,0,216,6,0,256,320,3,16,0,1717,75,37,26,310,0,274,0,0,871,0,0,0,216,0,5,0,0,0,0,0,98,57,12,0,105,3,0,25,0,0,0,0,121,0,6,0,19,29,368,0,0,0,20,14,17,7,21,19,0,45,2,203,0,0,0,18,0,0,0,17,0,0,0,0,155,1178,60,2,0,0,10,29,0,0,0,0,0,3,30,0,0,35,6,0,3,5,21,14,0,21,0,0,0,2,0,0,10,3,0,0,0,0,0,0,0,21,0,0,7,2,33,0,0,39,0,152,3,4,6,0,27,24,0,47,0,372,582,12,8,2,184,0,0,6,58,515,2,2,0,33,0,1271,1110,51,35,165,0,156,53,33,508,24,0,14,43,19,2,3,876,39,13,113,277,103,66,7,18,0,0,10,17,2,0,0,8234,69,0,0,2,2260,2396,5,73,0,9,7,16,3,21,0,18,51,411,27,0,9,0,0,3,0,19,24,3,260,0,98,30,22,6,479,10,15,2,1631,0,0,0,0,0,16,0,0,164,686,25,0,0,281,0,0,29,4,0,0,0,0,4,0,0,0,7,15,33,457,4,0
"2013/11/4",0,0,2,0,0,7,0,0,0,2,50,0,15,977,0,40,1244,943,0,30,0,0,21,0,180,0,0,0,0,0,31,0,0,0,0,61,34,27,165,3,35,149,0,23,58,17,2,12,178,0,4,0,0,0,0,44,0,4625,1110,3670,0,0,255,7,0,269,332,0,16,0,1783,84,40,29,330,0,294,2,0,889,0,0,0,183,0,15,0,0,0,0,0,95,37,2,0,109,14,0,29,0,0,0,0,139,0,5,0,28,36,321,0,0,0,14,15,9,9,21,24,0,33,15,188,0,0,0,31,0,0,0,17,2,0,3,0,132,907,74,0,0,0,5,22,0,0,0,6,0,0,13,0,0,23,0,2,3,7,13,10,0,19,0,0,6,2,0,0,23,0,0,0,0,0,0,0,0,14,0,0,7,3,16,0,2,36,0,147,0,6,5,0,24,7,0,41,0,365,542,9,3,7,206,0,0,0,73,472,2,6,0,30,0,1331,1103,51,35,219,3,161,47,31,443,35,0,18,36,15,3,0,918,36,8,163,236,105,63,12,28,0,0,6,20,2,0,0,7520,63,0,0,0,2274,2075,7,56,0,5,5,13,29,26,0,23,71,301,23,0,12,0,0,15,0,29,18,0,206,0,86,22,37,5,646,8,37,0,1597,0,0,0,0,0,21,0,0,213,629,21,0,0,284,0,0,23,6,0,0,0,0,0,0,0,0,7,22,44,410,4,0
"2013/11/5",0,5,0,0,0,4,0,0,7,9,66,0,12,978,0,30,1218,756,0,19,0,0,14,0,192,0,0,0,0,0,28,0,0,0,0,57,29,29,138,0,36,186,0,33,90,4,0,16,180,0,19,0,0,0,0,42,2,4111,1046,3074,0,0,242,4,0,281,338,1,20,0,1651,68,38,43,332,0,284,0,0,836,0,0,0,208,0,9,0,0,0,0,0,122,36,3,0,94,9,0,53,0,0,0,0,157,0,0,0,29,31,353,0,0,0,11,7,14,14,18,32,0,24,13,200,0,0,0,22,0,0,0,19,6,0,0,0,138,1033,71,0,0,0,9,23,0,3,0,0,0,2,11,0,0,7,4,0,8,7,11,8,0,27,0,0,5,0,0,7,30,5,0,0,0,0,0,0,0,19,0,0,3,4,15,0,0,33,0,135,3,5,12,0,22,19,0,45,0,407,474,4,12,2,199,0,0,12,63,471,5,11,0,27,0,1177,983,61,23,207,5,145,46,40,403,31,0,16,30,8,0,3,889,35,4,159,267,115,60,15,28,0,0,10,20,2,0,0,6495,65,0,0,2,2067,1877,6,36,6,9,8,7,0,23,0,27,67,266,14,0,7,0,0,7,0,19,17,3,208,0,89,31,34,7,659,12,26,0,1621,0,0,0,0,3,14,0,4,204,551,35,0,0,302,0,0,21,6,0,0,0,0,2,0,0,0,6,25,32,384,8,0
"2013/11/6",0,4,0,0,0,3,0,0,2,1,54,0,13,1052,0,36,1296,914,0,23,0,0,15,0,167,0,0,0,0,0,25,0,0,0,0,58,25,18,196,0,28,210,0,28,86,18,4,14,218,0,22,0,0,2,0,43,0,3954,1058,3226,0,0,265,0,0,253,333,2,19,0,1511,75,44,33,336,0,318,5,0,865,0,0,0,232,2,16,0,0,0,0,2,86,35,4,0,86,4,0,30,0,3,0,0,146,0,7,0,30,32,325,0,0,0,11,9,11,9,37,21,0,32,7,253,0,0,0,14,0,0,0,16,3,0,0,0,168,932,79,0,0,0,8,19,0,0,0,6,0,0,8,2,0,16,3,0,7,7,4,8,0,23,0,0,0,4,0,4,25,0,2,0,0,0,0,0,0,21,0,0,10,5,9,0,6,28,0,139,0,2,7,0,31,22,0,53,0,438,619,10,4,0,220,0,0,7,63,426,5,6,2,47,0,1320,1118,60,46,207,2,147,29,60,406,21,0,25,47,10,0,2,1088,49,14,130,254,113,58,14,33,0,0,3,49,0,0,0,7953,70,0,0,3,2144,1810,9,57,0,2,12,7,2,10,0,26,49,214,25,0,6,0,0,14,0,21,20,0,179,0,84,34,51,12,628,5,23,0,1689,0,0,0,0,0,16,2,3,188,617,37,0,0,250,0,0,28,10,0,0,0,0,4,0,0,0,7,17,43,380,7,0
"2013/11/7",0,3,2,0,0,3,0,0,0,6,68,0,15,1103,0,30,1281,937,0,16,0,0,18,0,174,0,0,0,0,0,21,0,0,0,0,74,33,39,286,0,32,254,0,28,68,18,0,12,217,0,27,0,0,0,0,80,0,4493,1352,3518,0,0,290,5,0,353,396,2,20,0,1703,81,44,26,282,0,302,0,0,748,0,0,0,235,3,14,0,0,0,0,0,90,35,5,0,130,4,0,46,0,0,0,0,191,0,4,0,26,39,373,0,0,0,28,10,32,7,22,23,0,27,12,209,0,0,0,26,0,0,0,30,0,0,0,0,183,910,72,0,0,0,18,30,0,0,2,7,0,0,10,0,0,11,6,0,13,4,6,0,0,28,0,0,0,2,0,0,20,2,0,0,0,0,0,0,0,28,0,0,8,7,8,0,2,30,0,182,2,0,8,0,28,22,0,59,0,421,612,7,8,5,251,0,0,11,91,442,0,0,0,35,0,1644,1463,72,39,274,0,147,47,50,449,25,0,23,39,20,0,2,1062,46,13,221,239,107,66,8,20,0,0,14,32,0,0,2,7881,83,0,0,0,2354,2115,5,41,3,9,6,4,22,36,0,34,73,188,17,0,11,0,0,6,0,24,22,3,208,0,104,34,46,8,773,12,20,4,1537,0,0,0,0,0,18,0,5,261,690,52,0,0,323,0,0,30,8,0,0,0,0,0,0,0,0,6,17,58,356,11,0
"2013/11/8",4,4,0,0,0,10,0,0,2,5,68,0,7,1249,0,28,1413,1004,0,18,0,0,12,0,222,0,0,0,0,0,29,0,0,0,0,53,40,26,256,6,31,234,0,26,100,25,3,11,279,0,12,0,0,1,0,91,0,4531,1353,3955,0,0,302,5,0,359,430,6,17,0,1740,76,34,16,322,0,269,0,0,841,0,0,0,257,2,12,0,0,0,0,3,101,32,3,0,113,5,0,32,0,2,0,0,252,0,2,0,39,42,478,0,0,0,9,14,19,4,35,31,0,20,12,264,0,0,0,38,0,0,0,11,4,0,0,0,217,751,89,2,0,0,6,21,4,0,0,5,0,0,8,0,0,11,4,0,8,6,21,2,0,12,0,0,2,0,0,0,11,0,0,0,0,0,0,0,0,21,0,0,15,5,16,0,0,21,0,147,4,2,4,0,31,13,0,50,0,412,682,10,16,4,226,0,0,21,76,476,10,5,3,43,2,1602,1522,89,56,208,0,205,36,53,492,35,0,29,37,20,3,0,1065,42,7,171,366,132,47,30,20,0,0,6,32,0,0,0,8315,61,0,0,0,2584,1927,9,47,0,12,7,3,0,16,0,22,71,173,25,0,15,0,0,7,0,26,26,3,153,0,117,30,51,11,652,13,20,5,1566,0,0,0,0,0,25,3,0,275,679,41,0,0,320,0,0,34,12,0,0,0,2,2,0,0,0,2,14,40,430,13,0
"2013/11/11",4,0,0,0,0,0,0,0,0,1,77,0,6,1100,0,38,1289,972,2,27,0,0,13,0,196,0,0,0,0,0,28,0,0,0,0,57,19,14,212,0,29,224,0,33,98,26,0,12,219,0,22,0,0,0,0,60,0,4554,1371,4237,0,0,370,2,0,320,372,0,15,0,1346,65,30,15,252,0,206,0,0,656,0,0,0,237,0,25,0,0,0,0,3,104,32,2,0,106,7,0,53,0,0,0,0,163,0,12,0,57,28,336,0,0,0,11,6,8,18,29,20,2,29,12,223,0,0,0,26,0,0,0,7,0,0,0,0,174,1042,52,3,0,0,13,28,0,3,0,7,0,0,4,0,0,6,2,3,7,2,10,2,0,13,0,0,0,2,0,2,32,2,0,0,0,0,0,3,0,7,0,0,12,2,14,0,4,33,0,122,0,0,6,0,40,19,0,36,0,365,516,11,13,2,270,0,0,20,92,455,6,0,0,40,0,1428,1504,79,56,240,3,189,36,55,450,39,0,43,30,9,0,4,1141,60,15,129,368,98,58,17,25,0,0,6,28,0,0,2,8501,71,0,0,0,2609,2034,8,52,7,4,16,2,28,25,0,23,67,146,19,0,12,0,0,7,0,14,17,2,206,0,108,28,30,9,543,13,24,3,1330,0,0,0,0,0,29,2,2,262,597,58,0,0,327,0,0,16,5,0,0,0,0,0,0,0,0,6,6,40,341,7,0
"2013/11/12",0,0,2,0,0,3,0,0,2,4,38,0,4,882,0,44,982,509,0,18,0,0,9,0,142,0,0,0,0,0,23,2,0,0,0,55,13,19,119,0,15,200,0,44,90,13,2,8,214,0,27,0,0,2,0,44,0,3034,836,2501,0,2,229,6,0,263,266,0,8,0,1046,31,23,23,209,0,161,0,0,634,0,0,0,166,0,22,0,0,0,0,6,96,23,0,0,66,6,0,46,0,0,0,0,135,0,7,0,40,14,253,0,0,0,7,10,4,12,34,18,0,19,2,167,0,0,0,20,0,0,0,12,0,0,0,0,127,575,55,2,0,0,7,26,0,0,0,4,0,0,8,0,0,2,6,0,6,0,2,2,0,17,0,0,5,2,0,2,7,0,0,0,0,0,0,0,0,6,0,0,8,3,14,0,0,13,0,82,0,6,4,0,27,16,0,39,0,288,364,11,17,4,151,0,0,10,74,330,3,0,0,33,0,1031,1070,43,37,167,3,130,37,40,318,31,0,21,20,6,0,0,840,41,4,73,252,83,26,12,15,0,0,0,14,0,0,0,5412,47,0,0,0,1667,1005,5,36,4,4,5,2,4,7,0,15,37,121,23,0,9,0,0,3,0,11,13,0,124,0,79,20,29,4,361,7,23,2,1143,0,0,0,0,0,8,0,4,205,548,58,0,0,216,0,0,19,5,0,3,0,0,0,0,0,0,2,13,27,268,9,0
"2013/11/13",0,3,0,0,0,7,0,0,4,0,41,0,6,1083,0,34,1161,784,0,19,0,0,8,0,186,0,0,0,0,0,17,0,0,0,0,71,16,22,169,2,18,197,0,42,100,25,0,9,229,0,26,0,0,0,0,22,0,3842,1206,3905,0,2,249,7,0,288,271,7,12,0,1362,31,25,29,224,0,169,2,0,682,0,0,0,196,2,28,0,0,0,0,0,115,35,0,0,89,8,0,65,0,0,0,0,163,0,12,0,55,33,306,0,0,0,10,6,12,7,24,23,0,39,9,194,0,0,0,21,0,0,0,17,0,0,2,0,130,872,46,3,0,0,10,17,0,0,0,3,0,2,5,0,0,6,6,2,9,2,5,3,0,16,0,0,0,3,0,0,10,0,0,0,0,0,0,0,0,6,0,0,13,6,22,0,3,20,0,103,0,0,0,0,26,17,0,36,0,339,587,10,14,7,177,0,0,28,76,396,6,4,2,35,0,1310,1322,46,36,219,0,168,30,86,341,36,0,24,23,7,0,2,1038,39,10,68,326,101,39,14,19,0,0,8,14,0,0,0,8389,61,0,0,0,2145,1619,4,45,6,4,17,4,0,13,0,26,42,175,36,0,16,0,0,11,0,10,17,0,161,0,125,24,28,8,448,14,17,3,1750,0,0,0,0,0,14,2,3,251,710,84,0,0,280,0,0,20,8,0,0,0,0,0,0,0,0,0,13,35,296,5,0
"2013/11/14",0,0,0,0,0,4,0,0,2,0,61,0,5,1136,0,45,1258,828,0,33,0,0,22,0,158,0,0,0,0,0,27,0,0,0,0,67,44,28,222,0,24,258,0,55,107,22,2,9,259,0,16,0,0,0,0,57,0,4146,1396,3857,0,2,297,8,0,280,332,1,20,0,1379,88,32,28,265,0,251,0,0,939,0,0,0,267,3,22,0,0,0,0,4,120,36,2,0,125,3,0,66,0,5,0,0,185,0,19,0,55,35,322,0,0,0,16,14,27,7,38,24,0,53,8,261,0,0,0,41,0,0,0,21,2,0,2,0,192,852,62,5,0,0,16,29,0,0,0,10,0,0,12,0,0,5,7,0,14,4,5,5,0,11,0,0,2,2,0,0,9,0,0,0,0,0,0,0,0,17,0,0,8,2,19,0,0,14,0,95,0,3,0,0,30,14,0,30,0,502,609,4,17,0,190,0,0,23,91,379,6,2,0,39,0,1240,1300,50,61,252,4,163,34,84,375,37,0,33,31,12,0,3,1268,47,12,75,345,103,38,19,17,0,0,4,41,0,0,0,8604,66,2,0,0,2425,1783,9,35,9,12,11,0,0,30,0,26,60,160,20,0,9,0,0,6,0,18,16,4,191,0,132,48,42,9,475,8,19,2,2524,0,0,0,0,0,5,0,5,326,769,100,0,0,341,0,0,12,7,0,0,0,0,0,0,0,0,2,20,39,368,3,0
"2013/11/15",0,0,0,0,0,0,0,0,5,2,32,0,7,988,0,17,1088,576,0,20,0,0,20,0,142,0,0,0,0,0,21,0,0,0,0,54,34,19,169,5,20,192,0,33,88,24,2,11,203,0,8,0,0,0,0,41,0,3154,1132,3098,0,5,212,3,0,224,271,3,13,0,1102,53,36,11,190,0,171,0,0,789,0,0,0,224,0,14,0,0,0,0,0,110,21,5,0,101,9,0,33,0,2,0,0,152,0,11,0,54,24,272,0,0,0,8,10,6,11,36,28,0,49,14,173,0,0,0,23,0,0,0,15,2,0,2,0,142,1080,45,0,0,0,9,26,0,0,0,4,0,0,4,2,0,8,4,2,6,4,6,5,0,12,0,0,2,0,0,2,7,3,0,0,0,0,0,0,0,9,0,0,11,2,10,0,3,6,0,88,2,2,0,0,15,18,0,31,0,352,494,5,11,4,158,0,0,22,77,353,4,5,2,35,0,1180,1213,53,32,188,2,146,32,65,313,41,0,31,19,10,0,2,939,34,7,78,271,85,43,19,14,0,0,4,15,0,0,0,7357,68,2,0,2,2176,1358,4,26,7,15,3,0,0,14,0,18,56,191,22,0,11,0,0,3,0,12,24,5,191,0,89,30,38,12,477,17,9,0,1997,0,0,0,0,0,17,0,4,234,761,71,0,0,268,0,0,18,6,0,0,0,0,0,0,0,0,2,19,31,317,6,0
"2013/11/18",0,0,0,0,0,2,0,0,4,1,40,0,2,1016,0,39,990,566,0,16,0,0,7,0,173,0,0,0,0,0,15,2,0,0,0,49,34,24,168,0,19,165,0,43,98,21,0,10,169,0,16,0,0,0,0,28,0,2771,1035,3055,0,6,166,4,0,173,267,0,9,0,1010,55,31,25,173,0,160,0,0,673,0,0,0,168,0,9,0,0,0,0,0,126,20,2,0,76,4,0,41,0,2,0,0,143,0,17,0,39,25,246,0,0,0,13,9,15,9,18,12,0,47,9,179,0,0,0,26,0,0,0,10,0,0,0,0,136,896,48,3,0,0,5,13,0,0,0,8,0,2,2,0,0,0,0,0,4,3,0,2,0,12,0,0,0,4,0,0,7,2,0,0,0,0,0,0,0,6,0,0,9,0,8,0,0,17,0,69,0,0,0,0,10,14,0,45,0,283,537,2,14,2,152,0,0,20,68,416,0,2,2,30,0,1065,1049,40,23,200,2,169,39,41,316,31,0,19,19,8,0,3,801,33,7,57,273,78,26,17,8,0,0,10,24,0,3,0,6950,75,0,0,6,2194,1229,3,12,16,12,4,8,19,8,0,18,39,167,32,0,11,0,0,6,0,14,13,2,227,0,67,32,27,5,506,9,27,0,1481,0,0,0,0,0,20,0,6,233,725,58,0,0,209,0,0,5,2,0,0,0,3,0,0,0,0,3,23,21,228,7,0
"2013/11/19",0,2,2,0,0,0,0,0,2,5,45,0,5,798,0,34,929,434,0,14,0,0,5,0,160,0,0,0,0,0,19,0,0,0,0,35,26,7,145,0,23,167,0,34,81,29,2,13,151,0,21,0,0,0,0,37,0,2377,898,2379,0,4,137,7,0,187,280,2,10,0,819,45,27,33,216,0,178,0,0,636,0,0,0,153,2,8,0,0,0,0,5,126,18,2,0,67,2,0,36,0,0,0,0,134,0,20,0,39,33,244,0,0,0,17,5,7,9,36,23,0,51,13,131,0,0,0,31,0,0,0,4,0,0,0,0,128,824,48,2,0,0,7,12,0,0,0,6,0,0,4,0,0,4,3,0,2,0,0,5,0,17,0,0,2,2,0,0,9,3,0,0,0,0,0,0,0,15,0,0,6,2,5,0,2,11,0,70,0,5,4,0,12,12,0,23,0,338,460,3,7,8,172,0,0,23,108,399,3,4,0,34,0,987,885,27,23,239,3,155,29,48,275,44,0,20,14,7,0,3,667,23,2,54,256,82,20,15,7,0,0,0,14,0,10,0,5420,70,0,0,0,1853,1288,2,17,19,9,4,7,0,13,0,14,43,181,25,0,6,0,0,9,0,9,18,0,236,0,60,26,30,7,450,5,21,0,1432,0,0,0,0,0,19,0,0,213,663,59,0,0,240,0,0,5,8,0,0,0,0,0,0,0,0,0,25,28,207,7,0
"2013/11/20",2,0,0,0,0,3,0,0,2,5,40,0,2,918,0,57,1059,663,0,8,0,0,7,0,166,0,0,0,0,0,25,2,0,0,0,34,31,23,163,0,23,200,0,43,102,16,2,13,159,0,22,0,0,0,0,64,0,2840,1178,3022,0,8,228,4,0,209,307,1,16,0,951,87,33,23,252,0,248,0,0,798,0,0,0,234,0,13,0,0,0,0,0,135,27,9,0,84,13,0,23,0,0,0,0,178,0,23,0,50,44,279,0,0,0,6,9,13,7,28,32,0,62,10,251,0,0,0,26,0,0,0,14,2,0,0,0,173,880,80,7,0,0,12,18,0,0,0,11,0,0,9,0,2,5,4,0,6,2,2,3,0,9,0,0,2,0,0,0,8,3,0,0,0,0,0,0,0,18,0,0,0,0,22,0,2,23,0,88,0,0,3,0,23,16,0,44,0,394,737,7,11,4,203,0,0,21,89,465,2,2,0,24,0,1135,1115,32,31,354,3,178,14,71,329,73,0,23,19,13,0,0,802,28,8,87,333,78,38,22,15,0,0,12,23,0,8,0,7511,89,0,0,0,2095,1307,6,19,30,10,6,12,2,17,0,16,50,206,39,2,20,0,0,4,0,9,20,0,207,0,52,32,27,16,465,11,31,5,1456,0,0,0,0,0,14,0,3,258,771,81,0,0,260,0,0,7,4,0,3,0,0,0,0,0,0,0,53,36,237,7,0
"2013/11/21",0,0,0,0,0,4,0,0,2,11,38,0,3,783,0,26,947,550,0,20,0,0,5,0,180,0,0,0,0,0,14,0,0,0,0,52,28,19,188,0,20,210,0,35,90,21,2,8,138,0,32,0,0,0,0,55,0,3235,1183,2961,0,3,201,11,0,191,324,4,13,0,999,59,33,22,207,0,196,2,0,644,0,0,0,191,0,11,0,0,0,0,3,97,32,3,0,98,13,0,20,0,2,0,0,185,0,18,0,44,22,282,0,0,0,9,15,20,10,32,13,0,42,22,207,0,0,0,12,0,0,0,19,3,0,0,0,192,666,53,2,0,0,9,22,0,0,0,8,0,0,12,2,2,2,3,0,4,0,3,3,0,9,0,0,0,4,0,0,11,7,2,0,0,0,0,0,0,12,0,0,8,0,6,0,4,16,0,78,0,4,6,0,16,21,0,35,0,384,562,8,13,5,198,0,0,30,98,493,0,2,2,53,0,1156,1075,52,29,344,2,157,22,57,280,51,0,17,20,10,2,0,843,25,13,70,330,76,40,12,5,0,0,17,34,0,6,0,6589,88,3,0,0,1955,1419,10,20,33,11,2,18,0,22,0,11,63,211,27,4,21,0,0,14,0,13,13,0,267,0,60,38,41,7,478,7,18,4,1559,0,0,0,0,0,16,0,0,225,820,98,0,0,210,0,0,21,2,0,0,0,0,0,0,0,0,2,61,25,200,2,0
"2013/11/22",2,0,0,0,0,3,0,0,2,11,58,0,3,1040,0,53,1247,721,0,13,0,0,12,0,185,0,0,0,0,0,24,2,0,0,0,50,46,26,220,0,27,210,0,47,93,27,0,13,202,0,22,0,0,0,0,66,0,3840,1504,3556,0,0,225,5,0,234,488,3,29,0,1165,93,45,12,233,0,213,0,0,846,0,0,0,258,0,15,0,0,0,0,6,127,45,2,2,111,13,0,26,0,0,0,0,287,0,14,0,56,35,383,0,0,0,18,23,22,8,31,28,0,71,28,231,0,0,0,18,0,0,0,12,0,0,2,0,232,819,59,2,0,0,6,31,2,0,0,10,0,0,8,0,0,3,4,0,7,0,4,9,0,11,0,0,0,3,0,0,18,0,0,0,0,0,0,0,0,21,0,0,7,2,11,0,0,23,0,88,4,2,0,0,16,15,0,50,0,428,829,9,14,7,246,0,0,27,140,578,10,4,0,60,3,1442,1508,60,36,397,3,233,33,95,373,71,0,21,33,12,0,0,964,32,14,92,295,85,42,18,20,0,0,11,35,0,7,0,8340,90,3,0,0,2275,1396,5,34,26,18,10,6,0,39,0,27,65,250,33,0,18,0,0,7,0,15,20,0,225,0,66,32,33,13,472,6,28,2,2071,0,0,0,2,0,14,2,2,459,942,54,0,0,281,0,0,18,4,0,2,0,2,0,0,0,0,2,80,28,264,6,0
"2013/11/25",4,0,0,0,0,0,0,0,0,9,32,0,0,708,0,48,1118,443,0,14,0,0,5,0,192,0,0,0,0,0,9,3,0,0,0,54,19,19,240,2,38,165,0,83,91,20,2,10,121,0,20,0,0,0,0,73,0,3538,1099,2812,0,3,144,7,0,198,386,0,17,0,862,33,34,19,168,0,175,2,0,584,0,0,0,201,0,8,0,0,0,0,2,85,42,3,0,86,2,0,15,0,2,0,0,205,0,7,0,61,55,324,0,0,0,6,10,18,3,44,22,0,81,14,191,0,0,0,17,0,0,0,6,0,0,0,0,138,815,33,0,0,0,9,11,0,0,0,13,0,0,10,0,0,27,4,4,0,2,0,12,0,10,0,0,0,2,0,0,12,8,0,0,0,0,0,0,0,18,0,0,3,0,8,0,0,13,0,85,0,0,5,0,15,8,0,26,0,312,707,9,10,7,198,0,0,20,111,473,4,2,5,45,0,1186,1386,39,15,338,0,211,25,76,337,108,0,16,13,14,2,0,796,16,13,83,444,60,25,16,9,0,0,10,22,0,17,2,6629,68,0,0,3,1956,1404,4,23,26,6,5,2,0,36,0,21,62,390,30,0,27,0,0,5,0,12,18,2,264,0,43,41,42,5,564,10,36,4,1945,0,0,0,0,0,13,0,5,386,900,46,0,0,349,0,0,17,3,0,2,0,4,3,0,0,0,4,11,32,188,7,0
"2013/11/26",2,0,0,0,0,0,0,0,5,10,30,0,0,697,0,54,1170,345,0,8,0,0,5,0,181,0,0,0,0,0,19,0,0,0,0,41,27,23,135,0,58,187,0,71,102,13,9,11,123,0,22,0,0,0,0,53,0,3829,1059,2437,0,0,164,7,0,192,439,1,19,0,869,51,35,17,217,0,142,0,0,612,0,0,0,151,0,8,0,0,0,0,3,115,31,2,0,60,4,0,17,0,0,0,0,251,0,3,0,38,38,372,0,0,0,10,12,15,4,37,19,0,88,22,133,0,0,0,21,0,0,0,11,0,0,0,0,154,571,25,0,0,0,0,7,0,0,0,15,0,0,17,2,0,37,15,0,2,2,2,6,0,10,0,0,0,2,0,0,11,6,0,0,0,0,0,0,0,10,0,0,2,0,6,0,2,15,0,69,0,2,0,0,7,11,0,20,0,317,629,5,6,6,196,0,0,13,87,455,4,9,0,53,0,1126,1239,26,22,305,0,187,29,83,350,86,0,20,31,14,0,0,823,20,9,58,414,56,33,4,9,0,0,3,39,0,10,0,5642,64,0,0,0,1669,1095,0,33,33,6,7,8,0,25,0,22,45,272,31,0,38,0,0,3,0,10,25,4,195,0,39,28,48,15,526,10,34,6,1979,0,0,0,0,0,17,0,11,358,893,51,0,0,262,0,0,7,10,0,4,0,0,2,2,0,0,3,13,33,212,5,0
"2013/11/27",2,0,0,0,0,2,0,0,0,8,35,0,7,828,0,42,1472,379,0,27,0,0,7,0,219,0,0,0,0,0,21,0,0,0,0,46,30,21,238,0,46,181,0,98,125,17,6,7,194,0,24,0,0,0,0,77,0,5435,1403,3573,0,11,198,15,0,204,543,7,25,0,1206,42,43,17,270,0,160,0,0,605,0,0,0,170,0,19,0,0,0,4,3,103,35,6,0,82,10,0,36,0,2,0,0,260,0,29,0,52,43,470,0,0,0,9,10,19,5,45,25,0,96,20,150,0,0,0,21,0,0,0,21,0,0,0,0,133,714,32,0,0,0,7,12,0,0,0,23,0,0,11,8,0,53,19,0,2,5,0,7,0,24,0,0,2,5,0,0,15,5,0,0,0,0,0,0,0,22,0,0,2,3,7,0,0,8,0,93,0,0,2,0,3,12,0,13,0,306,841,6,8,17,230,0,0,24,114,536,3,21,0,46,2,1442,1594,42,23,334,0,226,42,72,434,101,0,19,20,8,0,2,1031,17,8,61,508,72,37,6,6,0,0,6,35,0,4,3,7695,88,5,0,0,2191,1634,0,31,31,6,3,5,0,33,0,13,54,612,31,4,17,0,0,5,0,17,14,8,271,0,39,33,58,15,674,8,35,1,2605,0,0,0,0,0,5,3,11,457,1339,63,0,0,353,0,0,8,12,0,0,0,2,0,0,0,0,2,18,31,274,11,0
"2013/11/28",0,0,0,0,0,2,0,0,0,19,50,0,9,941,0,41,1714,348,0,19,0,0,4,0,247,2,0,0,0,0,25,0,0,0,0,37,20,33,257,5,64,266,0,88,131,31,3,8,192,0,38,0,0,1,0,82,0,6215,1527,3664,0,7,252,18,0,228,459,8,18,0,1221,44,42,28,243,0,181,0,0,723,0,0,0,172,0,24,0,0,0,0,6,113,50,5,3,65,8,0,35,0,0,0,0,276,0,15,0,46,56,446,0,0,0,19,13,25,11,71,13,0,83,27,231,0,0,0,27,0,0,0,9,0,0,3,0,177,588,39,7,3,0,9,11,0,0,0,19,0,0,15,6,0,48,10,0,0,2,0,0,0,7,0,0,2,5,0,3,12,3,0,0,0,0,0,0,0,10,0,0,10,0,13,0,0,22,0,86,0,0,2,0,10,16,0,22,0,322,756,5,5,17,237,0,0,12,99,445,2,12,0,71,0,1002,1276,42,37,333,2,202,30,131,481,111,0,19,26,15,0,0,1333,33,4,95,517,74,25,5,17,0,0,7,31,4,7,2,7212,80,0,0,0,2366,1651,4,34,30,13,6,10,3,23,0,24,56,599,29,0,28,0,0,10,0,21,20,0,273,0,64,48,42,13,616,8,28,2,2559,0,0,0,0,0,17,0,9,497,1358,43,0,0,434,0,0,17,11,0,2,0,2,0,0,0,0,4,31,35,310,10,0
"2013/12/2",3,0,0,0,0,0,0,0,0,3,42,0,4,890,0,26,1546,234,0,21,0,0,10,0,191,0,0,0,0,0,19,0,0,0,0,27,23,24,240,2,39,210,0,109,120,21,3,8,163,0,26,0,0,0,0,66,0,5939,1293,3398,0,9,204,8,0,196,473,0,13,0,1162,50,35,13,206,0,150,0,0,506,0,0,0,145,0,14,0,0,0,0,3,123,51,4,0,72,5,0,27,0,0,0,0,275,0,31,0,41,47,332,0,0,0,10,13,18,10,67,7,0,58,28,189,0,0,0,21,0,0,0,12,0,0,2,0,123,681,31,0,0,0,2,12,0,0,0,17,0,0,10,12,0,25,6,0,2,4,2,4,0,9,0,0,0,0,0,0,14,1,0,0,0,0,0,0,0,0,0,0,12,0,26,0,3,27,0,76,0,0,4,0,5,12,0,20,0,269,595,8,10,6,238,0,0,20,121,430,5,11,0,54,0,1166,1376,37,32,332,2,218,31,114,503,97,0,25,26,6,0,0,1214,19,12,58,515,71,25,13,7,0,0,9,19,0,8,3,6970,69,0,0,0,2226,1604,4,36,13,11,2,7,0,32,0,19,62,681,30,2,17,0,0,6,0,14,11,3,333,0,57,43,51,9,579,7,39,2,2408,0,0,0,0,0,21,3,10,503,1392,60,0,0,353,0,0,12,5,0,0,0,0,0,0,0,0,0,16,31,292,8,0
"2013/12/3",0,0,0,0,0,0,0,0,0,9,33,0,0,780,0,15,1304,191,0,23,0,0,6,0,159,0,0,0,0,0,29,0,0,0,0,32,19,35,267,0,36,228,0,101,119,18,3,10,168,0,31,0,0,0,0,52,0,5252,904,2913,0,10,169,14,0,150,428,2,15,0,1030,31,37,15,164,0,136,2,0,446,0,0,0,117,0,23,0,0,0,0,0,127,43,0,0,45,6,0,26,0,0,0,0,199,0,23,0,20,23,293,0,0,0,21,17,15,5,45,12,0,47,24,157,0,0,0,22,0,0,0,8,2,0,2,0,102,481,19,0,0,0,5,9,0,0,0,9,0,0,25,22,0,7,4,0,0,2,0,3,0,11,0,0,0,0,0,0,6,3,2,0,0,0,0,0,0,2,0,0,9,0,13,0,2,19,0,79,0,0,7,0,4,8,0,16,0,228,581,9,15,8,217,0,0,15,94,303,7,4,3,59,0,1104,1303,36,23,261,0,187,44,115,394,40,0,21,16,10,0,0,1003,31,6,71,397,67,35,16,4,0,0,4,32,0,3,0,6857,80,0,0,0,2078,1491,2,29,10,15,0,8,40,31,0,13,54,830,19,0,28,0,0,3,0,12,7,4,317,0,37,23,27,10,551,4,47,2,2473,0,0,0,0,0,19,0,3,448,1045,68,0,0,259,0,0,7,3,0,0,0,0,0,0,0,0,0,9,26,311,8,0
"2013/12/4",2,0,0,0,0,0,0,0,3,8,35,0,6,703,2,26,1202,114,0,5,0,0,6,0,150,0,0,0,0,0,11,2,0,0,0,34,8,25,231,0,36,192,0,114,128,22,2,5,152,0,15,0,0,0,0,47,2,4544,765,2464,0,10,163,10,0,115,373,0,20,0,932,23,35,12,188,0,132,0,0,369,0,0,0,133,0,28,0,0,0,0,6,102,23,2,0,34,8,0,26,0,2,0,0,191,0,27,0,16,23,221,0,0,0,14,7,6,0,54,6,0,45,19,141,0,0,0,16,0,0,0,8,0,0,0,0,103,499,29,0,0,0,4,12,0,0,0,5,0,0,12,28,0,6,4,0,5,2,0,0,0,13,0,0,0,0,0,0,8,3,0,0,0,0,0,0,0,3,0,0,11,3,18,0,0,14,0,68,2,2,2,0,10,2,0,15,0,211,420,8,10,4,160,0,0,9,86,212,0,6,0,47,0,898,1094,21,14,186,0,175,42,95,339,53,0,11,14,6,0,3,862,21,9,65,348,45,18,14,2,0,0,4,30,0,3,0,5592,67,0,0,2,1759,1239,0,39,10,6,0,12,0,17,0,8,46,900,21,0,22,0,0,2,0,9,7,0,342,0,29,30,43,9,496,5,26,0,1716,0,0,0,0,0,8,0,11,387,932,57,0,0,233,0,0,14,2,0,0,0,0,0,0,0,0,0,10,28,318,9,0
