"","Methanobacteria","Methanococci","Methanomicrobia","Thermococci","Woesearchaeia","Nitrososphaeria","Acidobacteriia","Aminicenantia","Blastocatellia.Subgroup.4..","Holophagae","Subgroup17.","Subgroup17","Subgroup21.","Subgroup22.","Subgroup6.","Subgroup6","Thermoanaerobaculia","Acidimicrobiia","Actinobacteria","Coriobacteriia","Thermoleophilia","Chthonomonadetes","Fimbriimonadia","unculturedbacterium.","uncultured","Caldatribacteriia","Omnitrophicabacterium.OLB16.","metagenome","unculturedorganism.","unculturedsoil.bacterium.PBS.III.18.","Bacteroidia","Ignavibacteria","OC31","Rhodothermia","Caldisericia","Calditrichia","Chlamydiae","LD1PA32.","LD1PA32","Anaerolineae","Chloroflexia","Dehalococcoidia","GittGS.136.","JG30KF.CM66.","JG30KF.CM66","KD496.","KD496","Ktedonobacteria","OLB14","TK10","Cloacimonadia","Melainabacteria","Oxyphotobacteria","Sericytochromatia","Dadabacteriia","Deinococci","Babeliae","Elusimicrobia","LineageIIa.","LineageIIb.","LineageIIc.","Campylobacteria","Chitinivibrionia","Fibrobacteria","BRHc20a.","Bacilli","Clostridia","Erysipelotrichia","Negativicutes","Fusobacteriia","BD211.terrestrial.group.","Gemmatimonadetes","MD2902B12.","Hydrogenedentia","Kiritimatiellae","Latescibacteria","unculturedAcidobacterium.sp..","unculturedBacteroidetes.bacterium.","unculturedFibrobacteres.bacterium.","unculturedLatescibacteria.bacterium.","unculturedPelobacter.sp..","unculturedprokaryote.","unculturedproteobacterium.","unculturedsoil.bacterium.PBS.III.30.","unculturedsoil.bacterium.","Lentisphaeria","Oligosphaeria","Moduliflexia","Nitrospinia","Nitrospira","Omnitrophia","OmnitrophicaWOR_2.bacterium.RIFOXYA2_FULL_38_17.","mixedculture.isolate.koll11.","uncultureddeep.sea.bacterium.","unculturedplanctomycete.","ABY1","Berkelbacteria","Gracilibacteria","Microgenomatia","Parcubacteria","Saccharimonadia","WWE3","028H05P.BN.P5.","028H05P.BN.P5","BD711.","BD711","Brocadiae","OM190","Phycisphaerae","Pla3lineage.","Pla3lineage","Pla4lineage.","Pla4lineage","Planctomycetacia","vadinHA49","Alphaproteobacteria","Deltaproteobacteria","Gammaproteobacteria","NC10","Brachyspirae","Leptospirae","MVP15.","MVP15","Spirochaetia","V2072189E03.","Synergistia","Mollicutes","Thermotogae","Verrucomicrobiae","hydrothermalvent.metagenome.","bacteriumenrichment.culture.clone.Anammox_55."
"2013/10/8",0,0,3,0,149,1261,30,0,35,118,0,0,0,0,0,27,49,256,288,0,204,0,34,80,149,0,2,29,40,0,7676,523,905,40,0,1072,207,0,2,772,250,0,0,42,5,2,0,0,232,0,0,177,9,8,101,0,103,0,0,0,0,113,113,2,0,101,296,13,9,19,44,99,0,38,36,524,0,0,0,32,0,0,0,31,0,2,6,0,244,976,69,0,0,0,5,23,0,29,0,47,13,0,2,0,79,0,0,648,265,63,0,15,13,993,3,3374,2587,15026,0,0,643,0,0,17,0,6,0,0,209,8,0
"2013/10/9",2,0,0,0,138,1279,35,0,40,143,0,0,0,0,0,17,60,345,327,2,207,0,50,85,193,0,1,23,37,0,9572,732,797,40,0,1201,205,2,0,843,245,2,0,36,5,0,2,0,310,3,0,172,4,12,154,4,169,0,0,0,0,108,91,0,0,99,372,13,2,8,38,90,0,26,37,499,0,0,0,33,0,0,0,49,0,2,0,0,231,944,58,0,0,0,7,26,0,50,2,40,14,0,4,0,77,2,0,571,273,73,0,24,15,978,5,3991,2750,15343,0,0,970,0,0,24,0,2,2,0,207,7,0
"2013/10/10",0,0,0,0,171,1673,38,0,50,133,0,0,0,0,0,35,54,337,333,6,244,0,40,128,168,0,3,32,38,0,9548,801,995,33,0,1246,197,0,0,922,266,2,0,42,3,0,0,0,379,5,0,222,8,8,189,3,146,0,0,0,0,161,112,3,0,116,391,8,10,14,41,113,0,40,39,537,0,0,0,45,0,0,0,48,0,4,0,0,327,966,77,0,0,0,9,28,0,53,0,39,24,2,9,0,83,5,0,659,350,68,0,18,23,1204,0,4319,2670,17021,0,0,1009,0,0,29,0,6,0,0,343,17,0
"2013/10/11",0,0,0,0,183,1596,30,0,44,101,0,0,0,0,0,41,69,327,399,3,213,0,37,95,198,0,0,22,33,0,8996,765,743,57,0,1243,166,0,0,906,309,0,0,43,3,0,0,0,359,0,0,230,11,5,196,3,71,0,0,0,0,192,123,7,0,119,339,21,12,12,55,117,0,42,35,529,0,0,0,39,0,0,0,36,0,3,0,0,307,1265,77,0,0,0,13,19,0,37,6,52,34,0,4,0,87,4,0,708,321,66,0,9,15,1134,4,4485,2860,17361,0,0,1092,0,0,48,0,0,0,2,338,15,0
"2013/10/15",6,0,0,0,175,956,28,0,30,99,0,0,0,0,2,18,54,336,340,4,199,0,39,92,225,0,0,35,33,0,8899,702,570,44,0,1267,174,4,0,904,201,2,0,29,0,0,0,0,424,5,2,274,9,13,132,0,48,0,0,0,0,156,89,4,0,120,416,17,7,17,50,74,0,35,56,405,0,0,0,39,0,0,0,38,0,0,0,0,201,1187,53,0,0,0,9,14,0,66,3,54,35,2,6,2,86,0,0,613,276,88,0,17,10,1087,4,3839,2856,16538,0,0,404,0,0,14,0,7,0,7,317,11,0
"2013/10/16",2,2,0,0,170,1557,35,0,41,181,0,0,0,0,2,28,68,448,529,4,334,0,54,128,259,0,0,26,65,0,13831,927,736,51,0,1873,194,2,2,1297,340,0,0,39,7,2,0,0,605,4,0,475,8,8,221,2,47,0,0,0,0,254,110,20,0,122,572,17,11,26,51,107,0,46,73,544,0,0,0,39,0,0,0,35,0,3,0,0,353,1312,90,0,0,0,7,33,0,92,3,82,43,0,10,0,137,4,0,894,393,104,0,26,7,1613,0,5768,3905,22207,0,2,505,0,0,45,0,8,0,0,446,20,0
"2013/10/17",0,0,0,0,141,1373,33,0,53,173,0,0,2,0,2,27,73,420,425,5,262,0,48,126,263,0,0,32,51,0,12842,778,499,53,0,1584,146,0,0,1020,327,0,0,36,4,0,0,0,330,2,2,408,5,7,191,0,47,0,0,0,0,236,114,4,0,131,483,19,15,29,53,65,0,61,81,537,0,0,0,53,0,0,0,27,0,6,2,0,349,1207,86,0,0,0,9,17,0,122,6,51,49,4,9,5,128,7,0,803,382,72,0,20,13,1583,3,4864,3589,22353,0,0,454,0,0,36,0,20,3,2,462,14,0
"2013/10/18",2,0,0,0,80,998,38,0,50,149,0,0,0,0,0,17,68,401,529,10,250,0,47,123,256,0,1,29,54,0,12354,839,448,52,0,1773,168,2,0,1084,271,5,0,48,3,3,0,0,443,5,2,317,7,25,145,5,29,0,0,0,0,240,104,11,0,138,520,20,15,5,46,80,0,39,60,489,0,0,0,41,0,0,0,37,0,0,0,0,317,1646,91,0,0,0,10,25,0,127,8,39,48,0,3,4,127,0,0,764,334,77,0,17,16,1312,0,5298,3638,21589,0,0,460,0,0,50,0,16,0,4,421,15,0
"2013/10/21",5,5,2,0,100,852,26,0,32,215,0,0,0,0,0,25,87,354,651,3,248,0,58,126,246,0,7,21,35,0,12713,747,381,48,0,1970,120,6,0,1121,261,0,0,26,5,2,0,0,255,3,3,357,9,36,159,3,28,2,0,0,0,226,111,32,0,92,485,8,8,17,54,65,0,52,88,465,0,0,0,36,0,0,0,26,0,2,0,0,214,1186,95,0,0,0,8,19,0,110,8,58,34,0,5,0,163,0,0,801,336,71,0,18,14,1355,4,5723,3225,24738,0,0,442,0,0,48,0,13,7,5,430,19,0
"2013/10/22",3,2,2,0,79,573,34,0,27,154,0,0,2,0,0,15,47,302,543,3,213,0,18,108,191,0,0,14,39,0,8732,570,226,26,0,1377,111,0,0,979,270,0,0,23,4,0,0,0,236,3,0,311,9,29,102,4,49,2,0,0,0,187,83,29,0,63,309,17,9,23,31,29,0,17,69,373,0,0,0,26,0,0,0,20,0,0,0,0,162,1073,92,0,0,0,2,17,0,93,7,39,20,0,0,0,116,4,0,669,305,38,0,23,15,1141,0,4653,2369,20338,0,0,405,0,0,25,0,17,2,2,412,17,0
"2013/10/23",2,4,0,0,100,794,12,0,25,199,0,0,0,0,4,14,74,350,592,5,252,0,27,105,242,0,0,18,40,0,11634,625,241,43,0,1790,98,6,0,1259,269,0,0,17,5,2,0,0,173,2,0,311,0,46,117,7,45,0,0,0,0,147,77,38,0,73,319,15,4,21,44,50,0,35,51,426,0,0,0,30,0,0,0,20,0,3,0,0,221,1022,93,0,0,0,4,28,0,89,4,41,30,0,2,2,115,9,0,772,346,67,0,16,10,1376,0,4832,2830,23551,0,2,403,0,0,48,0,16,3,0,486,10,0
"2013/10/24",0,3,2,0,60,690,33,0,20,249,0,0,0,0,0,21,75,342,671,5,242,0,43,117,231,0,0,21,34,0,11785,652,219,32,0,1780,113,6,0,1076,229,2,0,17,0,0,0,0,201,4,0,267,2,34,142,0,48,3,0,0,0,174,73,28,0,77,401,11,6,20,35,25,0,23,63,310,0,0,0,24,0,0,0,26,0,0,2,0,171,820,77,0,0,0,4,24,0,77,6,37,31,2,2,0,121,2,0,650,340,70,0,15,16,1254,3,5027,2620,21087,0,0,503,0,3,43,0,6,2,2,406,7,0
"2013/10/25",5,4,3,0,86,832,21,0,24,200,0,0,0,0,0,24,74,416,686,9,340,0,28,149,245,0,2,22,31,0,12477,731,172,31,0,1734,102,6,0,1676,335,3,0,26,5,0,0,0,283,2,2,246,3,56,170,4,56,0,0,0,0,135,73,15,0,71,441,21,21,15,44,33,0,36,67,333,0,0,0,44,0,0,0,22,0,2,0,0,206,996,68,0,3,0,2,12,0,60,14,36,32,2,10,2,103,2,0,691,342,75,0,17,14,1455,0,5574,2686,22995,0,0,543,0,0,41,0,19,5,4,458,24,0
"2013/10/28",4,4,0,0,160,742,10,0,25,217,0,0,0,0,0,17,73,309,564,4,283,0,18,115,300,0,0,14,25,0,13190,656,174,29,0,1763,86,8,2,1697,292,0,0,19,5,2,0,0,220,3,2,193,4,39,160,6,55,0,0,0,0,218,64,5,0,93,426,11,4,20,28,28,0,38,84,232,0,0,0,27,0,0,0,22,0,0,0,0,211,1064,84,0,0,0,2,6,0,79,3,26,28,4,2,0,95,11,0,549,306,42,0,35,18,1200,2,4957,2754,20957,0,0,581,0,0,49,0,7,5,2,524,5,0
"2013/10/29",2,0,0,0,191,442,8,0,12,152,0,0,0,0,0,8,37,152,278,4,126,0,11,78,153,0,0,11,32,0,7274,441,106,19,0,1094,74,4,0,1168,107,0,0,9,0,0,0,0,101,0,0,87,3,24,97,5,38,3,0,0,0,107,46,3,0,45,264,9,6,20,11,16,0,17,56,130,0,0,0,19,0,0,0,22,0,0,0,0,100,451,58,0,0,0,0,5,0,80,7,34,13,2,4,0,44,6,0,352,195,22,0,18,11,778,0,2818,1587,10441,0,0,312,0,0,24,0,10,0,0,320,3,0
"2013/10/30",0,4,0,0,247,798,13,0,10,228,0,0,0,0,0,15,50,242,324,3,152,0,15,100,216,0,0,16,21,0,11235,620,158,24,0,1805,82,3,0,1700,218,0,0,13,6,5,0,0,166,0,0,163,5,19,132,3,39,2,0,0,0,177,62,2,2,58,466,14,9,22,24,25,0,28,87,207,0,0,0,26,0,0,0,19,0,0,0,0,172,1020,111,0,0,0,2,8,0,119,2,31,33,5,6,0,74,0,0,499,267,32,0,37,13,1208,2,4170,2322,17275,0,0,398,0,2,39,0,14,11,0,467,3,0
"2013/10/31",0,6,0,0,273,816,7,0,20,217,0,0,0,0,0,16,60,243,366,3,147,0,23,86,214,0,0,22,28,0,11493,534,186,23,0,1783,95,4,2,1795,233,2,0,12,6,0,0,0,108,2,0,143,3,11,129,8,39,2,0,0,0,162,71,7,0,75,424,20,19,17,31,19,0,30,69,202,0,0,0,20,0,0,0,14,0,0,0,0,189,829,139,0,0,0,4,18,0,162,5,49,28,4,4,7,92,7,0,563,270,37,0,37,23,1362,2,3725,2474,17431,0,0,335,0,0,33,0,6,0,2,518,9,0
"2013/11/1",0,4,0,0,106,793,22,0,12,223,0,0,0,0,0,19,62,257,357,6,253,0,17,88,220,0,0,20,24,0,10421,585,144,16,0,1717,75,4,0,1518,216,0,0,20,2,2,0,0,168,0,0,155,12,5,105,3,25,0,0,0,0,121,56,6,0,48,368,20,14,17,24,21,0,19,49,203,0,0,0,18,0,0,0,17,0,0,0,0,155,1178,86,0,0,2,2,3,0,132,2,13,21,2,9,2,32,2,0,504,255,39,0,39,12,1001,6,3940,2331,17609,0,0,281,0,0,29,0,4,0,4,512,4,0
"2013/11/4",0,0,2,0,91,943,30,0,21,180,0,0,0,0,0,21,61,230,285,2,190,0,4,101,154,0,0,10,28,0,9704,608,180,16,0,1783,84,5,2,1584,183,0,0,22,6,0,0,0,165,0,0,132,2,10,109,14,29,0,0,0,0,139,57,5,0,64,321,14,15,9,20,21,0,24,48,188,0,0,0,31,0,0,0,17,0,2,3,0,132,907,93,0,0,0,7,6,0,80,8,23,14,0,2,0,48,8,0,540,227,31,0,15,17,948,2,4065,2265,16587,0,0,284,0,0,23,0,6,0,0,483,4,0
"2013/11/5",0,5,0,0,93,756,19,0,14,192,0,0,0,0,0,18,57,196,349,0,196,0,19,104,157,0,0,17,24,0,8520,624,162,20,0,1651,68,4,0,1533,208,0,0,17,4,0,0,0,187,2,0,158,3,12,94,9,53,0,0,0,0,157,54,0,0,60,353,11,7,14,26,18,0,32,37,200,0,0,0,22,0,0,0,19,0,6,0,0,138,1033,86,0,0,0,4,5,0,65,5,42,19,2,2,3,50,4,0,555,229,29,0,17,11,926,0,3742,2214,15029,0,0,302,0,0,21,0,6,0,2,447,8,0
"2013/11/6",0,4,0,0,88,914,23,0,15,167,0,0,0,0,0,22,58,245,370,4,232,0,22,125,137,0,2,13,23,0,8546,588,161,19,0,1511,75,6,0,1601,232,2,0,23,4,3,0,0,125,3,0,123,4,12,86,4,30,3,0,0,0,146,65,7,0,62,325,11,9,11,22,37,0,21,39,253,0,0,0,14,0,0,0,16,0,3,0,0,168,932,107,0,0,0,5,6,0,76,4,31,21,3,10,0,56,7,0,631,235,21,0,8,19,1110,3,4063,2443,16540,0,0,250,0,2,28,0,10,0,4,447,7,0
"2013/11/7",0,3,2,0,83,937,16,0,18,174,0,0,0,0,0,21,74,358,400,0,229,0,27,136,189,0,0,21,21,0,9733,756,157,20,0,1703,81,2,0,1402,235,3,0,29,0,0,0,0,186,0,0,125,5,14,130,4,46,0,0,0,0,191,76,4,0,65,373,28,10,32,26,22,0,23,39,209,0,0,0,26,0,0,0,30,0,0,0,0,183,910,81,0,0,0,0,9,0,70,2,22,28,6,7,0,55,4,0,611,274,50,0,20,13,1092,2,4891,2481,17200,0,0,323,0,0,30,0,8,0,0,437,11,0
"2013/11/8",4,4,0,0,79,1004,18,0,12,222,0,0,0,0,0,48,53,324,425,3,290,0,12,143,180,0,1,10,29,0,10232,800,199,17,0,1740,76,4,0,1482,257,2,0,25,2,2,0,0,205,0,0,136,3,13,113,5,32,2,0,0,0,252,48,2,0,81,478,9,14,19,26,35,0,31,32,264,0,0,0,38,0,0,0,11,0,4,0,0,217,751,110,0,0,0,2,9,0,75,2,11,21,6,11,0,61,15,0,700,222,43,0,14,11,1144,0,4984,2651,17536,0,0,320,0,0,34,0,12,0,4,489,13,0
"2013/11/11",4,0,0,0,83,974,27,0,13,196,0,0,0,0,0,39,57,251,410,0,231,0,22,119,138,0,0,7,26,0,10596,694,195,15,0,1346,65,7,0,1159,237,0,0,32,11,0,0,0,164,4,0,139,2,19,106,7,53,0,0,0,0,163,66,12,0,85,336,11,6,8,40,29,0,20,43,223,0,0,0,26,0,0,0,7,0,0,0,0,174,1042,64,0,0,0,3,10,0,52,2,39,7,2,10,0,72,5,0,603,224,51,0,15,12,921,0,4794,2619,17418,0,0,327,0,0,16,0,5,0,0,393,7,0
"2013/11/12",0,0,2,0,87,509,18,0,9,142,0,0,0,0,2,37,55,153,362,2,222,0,27,92,119,0,2,6,19,0,6650,535,151,8,0,1046,31,4,0,1050,166,0,0,26,3,0,0,0,103,0,0,125,0,16,66,6,46,0,0,0,0,135,35,7,0,54,253,7,10,4,33,34,0,18,21,167,0,0,0,20,0,0,0,12,0,0,0,0,127,575,74,0,0,0,7,4,0,36,7,9,6,2,7,0,45,9,0,536,148,25,0,17,13,691,0,3398,1833,11427,0,0,216,0,0,19,0,5,3,0,310,9,0
"2013/11/13",0,3,0,0,76,784,19,0,8,186,0,0,0,0,0,42,71,207,384,0,238,0,26,106,118,0,0,8,17,0,9226,573,184,12,0,1362,31,4,0,1131,196,2,0,40,0,2,0,0,186,0,0,150,0,9,89,8,65,0,0,0,0,163,54,12,0,88,306,10,6,12,22,24,0,23,48,194,0,0,0,21,0,0,0,17,0,0,2,0,130,872,66,0,0,0,2,5,0,47,3,10,6,2,2,2,65,4,0,611,169,25,0,12,10,962,0,4281,2188,16737,0,0,280,0,0,20,0,8,0,0,344,5,0
"2013/11/14",0,0,0,0,84,828,33,0,22,158,0,0,0,0,0,35,67,294,466,2,268,0,16,120,170,0,0,22,25,0,9758,621,189,20,0,1379,88,6,0,1515,267,3,0,25,7,0,0,0,142,0,0,160,2,13,125,3,66,5,0,0,0,185,52,19,0,90,322,16,14,27,33,38,0,24,61,261,0,0,0,41,0,0,0,21,0,2,2,0,192,852,88,0,0,0,0,10,0,67,4,9,17,2,6,2,73,12,0,663,156,39,0,13,17,1141,2,4193,2528,18497,0,0,341,0,2,12,0,7,0,0,429,3,0
"2013/11/15",0,0,0,0,39,576,20,0,20,142,0,0,0,0,0,37,54,222,362,2,214,0,8,98,143,0,0,3,19,0,7642,501,171,13,0,1102,53,10,0,1197,224,0,0,22,0,4,0,0,186,0,0,131,5,22,101,9,33,2,0,0,0,152,59,11,0,78,272,8,10,6,25,36,0,28,63,173,0,0,0,23,0,0,0,15,0,2,2,0,142,1080,61,0,0,0,5,4,0,51,2,12,9,0,7,2,39,3,0,497,134,35,0,15,7,877,0,3834,2009,15771,0,0,268,0,0,18,0,6,0,0,369,6,0
"2013/11/18",0,0,0,0,66,566,16,0,7,173,0,0,0,0,2,28,49,226,347,0,179,0,16,92,109,0,0,6,13,0,7061,444,188,9,0,1010,55,11,0,1062,168,0,0,15,6,2,0,0,200,2,0,146,2,10,76,4,41,2,0,0,0,143,43,17,0,64,246,13,9,15,22,18,0,12,56,179,0,0,0,26,0,0,0,10,0,0,0,0,136,896,68,0,0,0,6,10,0,18,4,9,6,2,9,0,66,7,0,492,110,16,0,10,5,867,0,3587,1781,14680,0,0,209,0,0,5,0,2,0,3,278,7,0
"2013/11/19",0,2,2,0,64,434,14,0,5,160,0,0,0,0,0,22,35,178,334,2,164,0,21,61,101,0,0,19,17,0,5832,476,143,10,0,819,45,6,4,1090,153,2,0,14,3,2,0,0,143,0,0,149,2,6,67,2,36,0,0,0,0,134,44,20,0,72,244,17,5,7,24,36,0,23,64,131,0,0,0,31,0,0,0,4,0,0,0,0,128,824,63,0,0,0,5,6,0,21,4,12,15,0,5,2,44,13,0,436,116,19,0,11,9,823,3,3356,1555,12652,0,0,240,0,0,5,0,8,0,0,260,7,0
"2013/11/20",2,0,0,0,103,663,8,0,7,166,0,0,2,0,2,38,34,217,384,2,172,0,22,86,135,0,0,14,23,0,7340,521,194,16,0,951,87,4,0,1354,234,0,0,16,0,0,0,0,148,0,0,162,9,9,84,13,23,0,0,0,0,178,46,23,0,94,279,6,9,13,26,28,0,32,72,251,0,0,0,26,0,0,0,14,0,2,0,0,173,880,103,0,0,0,4,11,0,42,2,11,18,0,7,3,68,9,0,454,155,23,0,16,7,1175,2,4001,1960,15340,0,0,260,0,0,7,0,4,3,0,326,7,0
"2013/11/21",0,0,0,0,69,550,20,0,5,180,0,0,0,0,0,19,52,235,376,2,146,0,32,83,111,0,0,10,14,0,7638,530,160,13,0,999,59,0,0,1104,191,0,0,18,2,0,0,0,121,4,0,132,3,9,98,13,20,2,0,0,0,185,46,18,0,66,282,9,15,20,24,32,0,13,64,207,0,0,0,12,0,0,0,19,0,3,0,0,192,666,66,0,0,0,3,8,0,49,4,20,12,6,2,2,68,7,0,350,145,35,0,15,5,981,0,4047,1888,14588,0,0,210,0,0,21,0,2,0,0,288,2,0
"2013/11/22",2,0,0,0,95,721,13,0,12,185,0,0,0,0,2,30,50,294,404,0,215,0,22,88,166,0,0,18,24,0,9191,730,214,29,0,1165,93,4,0,1349,258,0,0,25,4,0,0,0,185,3,0,178,4,14,111,13,26,0,0,0,0,287,62,14,0,91,383,18,23,22,33,31,0,28,99,231,0,0,0,18,0,0,0,12,0,0,2,0,232,819,80,0,0,0,8,12,0,60,3,18,21,0,3,3,92,10,0,467,148,34,0,12,12,1310,0,5230,2166,17609,0,0,281,0,0,18,0,4,2,2,376,6,0
"2013/11/25",4,0,0,0,88,443,14,0,5,192,0,0,0,0,3,24,54,280,399,2,131,0,20,77,141,0,0,5,9,0,7669,591,132,17,0,862,33,4,3,982,201,0,0,11,7,0,0,0,153,0,0,129,3,18,86,2,15,2,0,0,0,205,43,7,0,116,324,6,10,18,10,44,0,22,95,191,0,0,0,17,0,0,0,6,0,0,0,0,138,815,49,0,0,0,4,13,0,69,2,20,18,0,6,0,55,11,0,312,126,19,0,12,5,1045,0,4424,2048,15523,0,0,349,0,0,17,0,3,2,7,235,7,0
"2013/11/26",2,0,0,0,95,345,8,0,5,181,0,0,0,0,0,16,41,189,431,9,134,0,22,89,166,0,0,3,19,0,7542,639,139,19,0,869,51,0,0,1023,151,0,0,12,2,2,0,0,126,0,0,149,2,17,60,4,17,0,0,0,0,251,50,3,0,76,372,10,12,15,11,37,0,19,113,133,0,0,0,21,0,0,0,11,0,0,0,0,154,571,46,0,0,0,0,15,0,100,2,17,10,6,2,4,45,7,0,280,106,23,0,9,6,966,0,4129,2003,13788,0,0,262,0,0,7,0,10,4,2,263,5,0
"2013/11/27",2,0,0,0,81,379,27,0,7,219,0,0,0,0,0,25,46,295,467,6,201,0,24,118,236,0,0,12,21,0,10697,769,165,25,0,1206,42,0,0,1095,170,0,0,19,3,2,0,0,125,0,4,141,6,15,82,10,36,2,0,0,0,260,73,29,0,95,470,9,10,19,18,45,0,25,116,150,0,0,0,21,0,0,0,21,0,0,0,0,133,714,47,0,0,0,0,23,0,117,7,20,22,0,4,2,50,11,0,400,118,29,0,9,5,1160,0,5083,2455,18774,0,0,353,0,0,8,0,12,0,2,325,11,0
"2013/11/28",0,0,0,0,109,348,19,0,4,249,0,0,0,0,0,21,37,312,585,3,200,0,38,120,290,0,1,12,22,0,11747,713,159,18,0,1221,44,6,2,1217,172,0,0,27,4,2,0,0,66,0,0,169,8,22,65,8,35,0,0,0,0,276,90,15,0,102,446,19,13,25,27,71,0,13,110,231,0,0,0,27,0,0,0,9,0,0,3,0,177,588,75,3,0,0,0,19,0,100,7,18,10,0,4,2,78,14,0,555,136,27,0,10,8,1100,0,4291,2905,18525,0,0,434,0,0,17,0,11,2,2,380,10,0
"2013/12/2",3,0,0,0,59,234,21,0,10,191,0,0,0,0,0,18,27,290,501,3,171,0,26,77,276,0,0,10,19,0,10909,677,194,13,0,1162,50,2,0,910,145,0,0,16,0,0,0,0,85,0,0,177,4,11,72,5,27,0,0,0,0,275,52,31,0,88,332,10,13,18,28,67,0,7,86,189,0,0,0,21,0,0,0,12,0,0,2,0,123,681,50,0,0,0,0,17,0,84,0,15,0,0,10,5,54,12,0,508,127,36,0,15,4,884,0,4528,2723,18009,0,0,353,0,0,12,0,5,0,0,339,8,0
"2013/12/3",0,0,0,0,51,191,23,0,6,159,0,0,0,0,0,20,32,323,502,3,178,0,31,92,213,0,0,4,26,0,9300,594,104,15,0,1030,31,3,0,800,117,0,0,26,2,2,0,0,106,0,0,170,0,14,45,6,26,0,0,0,0,199,50,23,0,43,293,21,17,15,22,45,0,12,71,157,0,0,0,22,0,0,0,8,0,2,2,0,102,481,39,0,0,0,0,9,0,78,0,11,2,4,4,0,57,10,0,448,119,22,0,13,6,825,0,4067,2242,17242,0,0,259,0,0,7,0,3,0,0,346,8,0
"2013/12/4",2,0,0,0,61,114,5,0,6,150,0,0,0,0,2,14,34,264,492,2,157,0,15,74,203,0,0,7,11,0,7995,498,94,20,0,932,23,3,0,736,133,0,0,35,0,0,0,0,90,0,0,131,2,4,34,8,26,2,0,0,0,191,38,27,0,39,221,14,7,6,8,54,0,6,64,141,0,0,0,16,0,0,0,8,0,0,0,0,103,499,39,0,0,0,0,5,0,68,0,11,3,0,5,3,69,10,0,443,100,18,0,16,8,646,0,3282,1918,14413,0,0,233,0,0,14,0,2,0,0,356,9,0
"2013/12/5",0,0,0,0,58,198,13,0,8,184,0,0,0,0,0,15,26,285,522,11,158,0,26,96,279,0,0,8,14,0,9868,573,121,12,0,1050,27,0,0,957,132,0,0,20,3,0,0,0,49,0,0,171,3,7,52,14,10,0,0,0,0,232,61,49,0,54,230,8,6,24,26,59,0,14,82,179,0,0,0,26,0,0,0,13,0,0,0,0,126,468,57,0,0,0,3,10,0,108,0,2,8,0,6,3,70,9,0,511,110,24,0,7,7,952,0,3440,2390,17058,0,0,304,0,0,8,0,12,0,2,445,4,0
"2013/12/6",0,0,0,0,70,178,7,0,8,170,0,0,0,0,0,13,40,373,621,0,123,0,27,89,228,0,4,10,11,0,9830,594,90,17,0,1035,28,0,0,778,135,0,0,19,4,0,0,0,71,2,2,114,2,7,74,4,20,0,0,0,0,226,42,30,0,35,317,11,12,20,18,58,0,9,66,150,0,0,0,24,0,0,0,6,0,0,2,0,117,470,46,0,0,0,0,2,0,91,0,15,14,0,2,2,54,6,0,447,115,30,0,7,6,878,0,4267,2413,16571,0,0,338,0,0,23,0,3,0,7,436,9,0
"2013/12/8",0,0,0,0,57,170,6,0,7,166,0,0,0,0,2,21,27,350,590,3,161,0,30,95,228,0,1,8,14,0,10943,609,120,20,0,1281,21,0,0,863,122,0,0,24,4,0,0,0,70,0,2,128,0,3,54,6,22,0,0,0,0,224,65,36,0,54,280,3,12,20,19,37,0,12,71,172,0,0,0,22,0,0,0,14,0,0,0,0,123,408,43,0,0,0,0,9,0,102,4,8,2,3,5,3,59,10,0,505,147,17,0,11,6,820,0,4441,2292,18156,0,0,298,0,0,5,0,7,0,0,471,7,0
"2013/12/9",0,0,0,0,63,135,10,0,10,174,0,0,0,0,0,14,32,367,667,3,147,0,39,96,216,0,0,0,13,0,9828,521,86,22,0,1174,19,0,0,765,124,0,0,30,3,0,0,0,54,2,0,115,0,7,41,10,15,0,0,0,0,158,47,7,0,47,274,10,2,23,11,44,0,15,77,142,0,0,0,22,0,0,0,11,0,0,0,0,121,456,44,2,0,0,0,2,0,119,0,7,9,4,7,5,62,13,0,483,141,26,0,9,4,677,0,4107,2165,16718,0,0,364,0,0,11,0,6,2,3,461,5,0
"2013/12/10",0,0,0,0,116,143,11,0,7,152,0,0,0,0,0,28,18,248,428,3,119,0,30,132,165,0,0,6,16,0,9001,656,90,16,0,1264,28,0,2,892,106,0,0,22,2,0,0,0,42,0,0,130,0,7,50,14,21,2,0,0,0,112,63,18,0,36,205,5,4,7,9,38,0,9,79,129,0,0,0,19,0,0,0,11,0,0,0,0,139,513,63,0,0,0,0,2,0,136,2,7,12,0,5,2,58,4,0,441,165,20,0,16,5,677,0,3590,2117,14387,0,0,285,0,0,3,0,3,0,0,399,13,0
"2013/12/11",0,0,0,0,90,146,23,0,8,214,0,0,0,0,0,18,46,518,819,3,208,0,27,144,268,0,0,7,14,0,13868,866,130,26,0,1803,54,0,0,1159,140,0,0,28,10,0,0,0,103,0,0,137,10,3,59,13,28,0,0,0,0,230,71,6,0,57,406,6,8,35,12,46,0,23,109,212,0,0,0,30,0,0,0,17,0,0,0,0,174,635,77,0,0,0,0,8,0,134,2,18,22,0,17,3,94,9,0,732,195,28,0,24,3,1016,3,5880,3167,23503,0,0,437,0,0,9,0,2,0,2,514,11,0
"2013/12/12",0,0,4,0,136,153,19,0,2,225,0,0,0,0,0,21,42,546,809,7,250,0,32,207,309,0,0,10,20,0,14893,875,122,24,0,1933,75,2,0,1541,165,0,0,32,0,0,0,0,91,0,0,221,2,7,51,13,48,2,0,0,0,260,97,6,0,64,388,25,18,27,27,53,0,15,140,265,0,0,0,22,0,0,0,17,0,0,0,0,194,598,96,2,0,0,0,16,0,154,4,33,54,0,18,10,127,11,0,802,304,29,0,16,5,1095,0,5929,3767,24294,0,0,498,0,0,20,0,14,0,3,620,17,0
"2013/12/15",0,0,0,0,58,130,19,0,8,185,0,0,0,0,0,17,32,433,684,5,188,0,22,143,218,0,0,4,12,0,11138,769,120,21,0,1487,41,3,0,998,168,0,0,36,5,0,0,0,76,0,2,136,0,2,44,9,47,2,0,0,0,309,71,7,0,44,324,16,10,19,11,54,0,7,115,172,0,0,0,24,0,0,0,9,0,0,0,0,149,717,62,2,0,0,0,12,0,115,2,8,37,3,9,0,77,10,0,607,188,31,0,11,8,910,0,5211,2836,20179,0,0,389,0,0,2,0,7,3,0,417,7,0
"2013/12/16",2,0,0,0,97,96,14,0,5,136,0,0,0,0,0,18,34,412,726,7,202,0,18,128,216,0,0,4,9,0,10653,525,92,12,0,1440,84,2,0,911,95,0,0,40,5,0,0,0,78,0,2,122,2,0,38,6,33,0,0,0,0,224,72,10,0,53,324,12,10,18,10,59,0,12,111,160,0,0,0,16,0,0,0,17,0,0,0,0,93,486,73,0,0,0,3,17,0,80,0,17,38,0,8,5,77,6,0,602,185,14,0,10,9,761,0,4588,3223,20064,0,0,339,0,0,10,0,17,8,2,376,15,0
"2013/12/17",0,0,2,0,79,97,18,0,6,117,0,0,0,0,0,16,34,442,748,7,226,0,23,143,204,0,0,3,22,0,9627,572,68,14,0,1314,54,0,0,856,139,0,0,32,5,0,0,0,58,0,0,113,2,2,45,3,44,3,0,0,0,236,47,5,0,48,356,13,6,10,2,57,0,9,99,166,0,0,0,19,0,0,0,7,0,0,3,0,109,617,60,0,0,0,4,26,0,84,2,7,45,0,13,0,114,11,0,647,188,15,0,13,8,711,0,4658,3050,19711,0,0,311,0,0,9,0,14,2,2,388,2,0
"2013/12/18",0,0,0,0,3,2,0,0,0,3,0,0,0,0,0,0,0,2,3,0,0,0,0,2,2,0,0,0,0,0,134,0,0,0,0,162,0,0,0,4,0,0,0,0,0,0,0,0,0,0,0,0,0,0,0,0,0,0,0,0,0,5,5,2,0,0,5,0,2,0,0,0,0,0,0,2,0,0,0,0,0,0,0,0,0,0,0,0,0,0,0,0,0,0,0,0,0,0,0,0,0,0,0,0,0,0,0,2,0,0,0,0,0,2,0,78,16,158,0,0,0,0,0,0,0,0,0,0,0,2,0
"2013/12/19",0,0,0,0,0,2,0,0,0,3,0,0,0,0,0,0,0,4,4,0,0,0,0,4,2,0,0,0,0,0,319,2,0,0,0,279,0,0,0,9,0,0,0,0,0,0,0,0,0,0,0,3,0,0,0,0,0,0,0,0,0,2,0,0,0,3,21,0,0,0,0,0,0,0,0,2,0,0,0,0,0,0,0,2,0,0,0,0,0,2,0,0,0,0,0,0,0,0,0,0,0,0,0,0,0,0,0,2,0,0,0,0,0,21,0,147,39,369,0,0,0,0,0,0,0,0,0,0,3,0,0
"2013/12/20",0,0,0,0,5,2,0,0,0,0,0,0,0,0,0,3,0,7,13,0,0,0,0,8,4,0,0,0,0,0,255,3,0,0,0,243,0,0,0,5,0,0,0,0,0,0,0,0,0,0,0,0,0,0,0,0,0,0,0,0,0,6,0,0,0,0,12,0,2,0,0,0,0,0,0,4,0,0,0,0,0,0,0,0,0,0,0,0,0,7,0,0,0,0,0,0,0,0,0,0,0,0,0,0,0,0,0,0,0,0,0,0,0,16,0,172,6,400,0,0,0,0,0,0,0,0,0,0,0,0,0
"2013/12/23",0,0,0,0,0,0,0,0,0,0,0,0,0,0,0,4,0,5,8,0,0,0,0,9,0,0,0,0,0,0,205,2,0,0,0,204,0,0,0,4,0,0,0,0,0,0,0,0,0,0,0,0,0,0,0,0,0,0,0,0,0,5,0,0,0,0,6,0,0,0,0,0,0,0,0,2,0,0,0,0,0,0,0,0,0,0,0,0,0,5,0,0,0,0,0,0,0,2,0,0,0,0,2,0,0,0,0,2,2,0,0,0,0,22,0,121,25,354,0,0,0,0,0,0,0,0,0,0,0,2,0
"2013/12/24",0,0,0,0,0,0,0,0,0,3,0,0,0,0,0,0,0,5,20,0,0,0,0,7,2,0,0,0,0,0,312,0,0,0,0,133,0,0,0,3,0,0,0,0,0,0,0,0,0,0,0,0,0,0,0,0,2,0,0,0,0,12,0,0,0,0,13,0,0,0,0,0,0,0,0,0,0,0,0,0,0,0,0,0,0,0,0,0,0,0,0,0,0,0,0,0,0,2,0,0,2,0,4,0,0,0,0,2,0,0,0,0,0,17,0,142,22,321,0,0,0,0,0,0,0,0,0,0,0,0,0
"2013/12/27",0,0,0,0,2,0,0,0,0,8,0,0,0,0,0,0,0,5,40,0,2,0,0,9,7,0,0,0,0,0,247,2,0,0,0,167,0,0,0,17,0,0,0,0,0,0,0,0,0,0,0,0,0,0,0,0,0,0,0,0,0,8,0,2,0,0,14,0,4,0,0,0,0,0,4,0,0,0,0,0,0,0,0,0,0,0,0,0,0,0,0,0,0,0,0,0,0,6,0,0,0,0,3,0,0,0,0,0,0,0,0,0,0,28,0,84,16,355,0,0,0,0,0,0,0,0,0,0,0,0,0
"2013/12/30",0,0,0,0,0,0,2,0,14,0,0,0,0,0,0,23,0,0,3,0,4,0,0,0,0,0,0,0,0,0,366,2,2,0,0,0,0,0,0,3,0,0,0,0,0,0,0,0,0,0,0,7,0,0,0,0,0,0,0,0,0,3,0,4,0,0,18,0,2,0,0,0,0,0,0,0,0,0,0,0,3,0,0,0,2,0,0,0,0,2,0,0,0,0,0,0,0,2,0,0,0,0,0,0,0,0,0,0,0,0,0,0,0,14,0,17,19,119,0,0,0,0,0,0,0,0,0,0,9,0,0
"2013/12/31",0,0,0,0,0,0,5,0,12,2,0,0,0,0,0,14,0,0,3,0,0,0,0,0,0,0,0,0,0,0,492,2,2,0,0,0,0,0,0,3,0,0,0,0,0,0,0,0,0,0,0,3,0,0,0,0,0,0,0,0,0,9,0,9,0,0,10,0,2,0,0,0,0,0,0,0,0,0,0,0,0,0,0,0,0,0,0,0,0,3,0,0,0,0,0,0,0,0,0,0,0,0,0,0,0,0,0,0,0,0,0,0,0,17,0,25,24,177,0,0,4,0,0,0,0,0,0,0,3,0,0
"2014/1/2",2,0,0,0,0,0,0,0,13,0,0,0,0,0,0,8,0,0,0,0,2,0,0,0,0,0,0,0,0,0,570,2,0,0,0,0,0,0,0,0,2,0,0,0,0,0,0,0,0,0,0,0,0,0,0,0,0,0,0,0,0,10,0,7,0,0,12,0,0,0,0,0,0,0,0,0,0,0,0,0,0,0,0,0,0,0,0,0,0,0,0,0,0,0,0,0,0,0,0,0,0,0,0,0,0,0,0,2,0,0,0,0,0,19,0,31,2,149,0,0,5,0,0,0,0,0,0,0,3,0,0
"2014/1/3",0,0,0,0,0,0,5,0,12,2,0,0,0,0,0,9,0,0,0,0,3,0,0,0,0,0,0,0,0,0,524,0,0,0,0,0,0,0,0,2,0,0,0,0,0,0,0,0,0,0,0,3,0,0,0,0,0,0,0,0,0,8,0,7,0,0,12,0,2,0,0,0,0,0,0,0,0,0,0,0,0,0,0,0,0,0,0,0,0,4,0,0,0,0,0,0,0,2,0,0,0,0,0,0,0,0,0,0,0,0,0,0,0,10,0,34,18,169,0,0,2,0,0,0,0,0,0,0,12,0,0
"2014/1/6",2,0,0,0,0,0,7,0,6,2,0,0,0,0,0,6,0,0,0,0,0,0,0,0,0,0,0,0,0,0,386,0,0,0,0,0,0,0,0,12,0,0,0,0,0,0,0,0,0,0,0,3,0,0,0,0,0,0,0,0,0,4,0,11,0,0,17,0,2,0,0,0,0,0,0,0,0,0,0,0,6,0,0,0,2,0,0,0,0,4,0,0,0,0,0,0,0,3,0,0,0,0,0,0,0,0,0,2,0,0,0,0,0,19,0,33,10,137,0,0,0,0,0,0,0,0,0,0,10,0,0
"2014/1/7",3,0,0,0,0,0,6,0,7,2,0,0,0,0,0,18,0,0,13,0,2,0,0,0,6,0,0,0,0,0,380,7,0,0,0,2,0,0,0,37,2,0,0,0,0,0,0,0,0,0,0,5,0,0,0,0,0,0,0,0,0,11,0,2,0,0,26,0,8,0,0,0,0,0,2,0,0,0,0,0,0,0,0,0,0,0,0,0,0,0,0,0,0,0,0,0,0,4,0,0,3,0,0,0,0,0,0,0,0,0,0,0,0,28,0,46,15,274,0,0,2,0,0,0,0,0,0,0,11,0,0
"2014/1/8",0,0,0,0,8,2,0,0,0,5,0,0,0,0,0,4,0,7,18,0,2,0,0,6,4,0,0,0,0,0,408,2,3,0,0,421,0,0,0,13,0,0,0,0,0,0,0,0,0,0,0,4,0,0,2,0,4,0,0,0,0,12,4,0,0,3,25,0,5,0,0,0,0,0,0,4,0,0,0,0,0,0,0,0,0,0,0,0,0,8,0,0,0,0,0,0,0,0,0,0,0,0,2,0,0,0,0,8,5,0,0,0,0,37,0,232,51,558,0,0,0,0,0,0,0,0,0,0,7,0,0
"2014/1/9",0,0,0,0,0,2,0,0,0,0,0,0,0,0,0,5,2,13,14,0,8,0,0,13,2,0,0,0,0,0,355,4,0,0,0,339,0,0,0,6,0,0,0,0,0,0,0,0,0,0,0,2,0,0,0,0,0,0,0,0,0,2,3,0,0,0,14,0,0,3,0,0,0,0,2,6,0,0,0,0,0,0,0,2,0,0,0,0,0,5,0,0,0,0,0,0,0,0,0,0,0,0,6,0,0,0,0,6,0,0,0,0,0,19,0,212,48,473,0,0,0,0,0,0,0,0,0,0,6,0,0
"2014/1/10",0,0,0,0,2,0,0,0,0,0,0,0,0,0,0,5,0,11,20,0,7,0,0,8,2,0,0,0,0,0,330,2,0,0,0,315,0,0,0,8,0,0,0,0,0,0,0,0,0,0,0,4,0,0,0,0,0,0,0,0,0,4,2,0,0,0,10,0,0,0,0,0,0,0,0,3,0,0,0,0,0,0,0,0,0,0,0,0,0,2,0,2,0,0,0,0,0,0,0,0,0,0,0,0,0,0,0,6,2,0,0,2,0,22,0,180,47,530,0,0,0,0,0,0,0,0,0,0,3,0,0
"2014/1/13",0,0,0,0,2,0,0,0,0,2,0,0,0,0,0,0,0,8,34,0,0,0,0,4,2,0,0,0,0,0,280,0,0,0,0,172,0,0,0,5,0,0,0,0,0,0,0,0,0,0,0,0,0,0,0,0,0,0,0,0,0,6,0,0,0,0,8,0,0,0,0,0,0,0,0,0,0,0,0,0,0,0,0,0,0,0,0,0,0,3,0,0,0,0,0,0,0,0,0,0,0,0,5,0,0,0,0,6,0,0,0,0,0,17,0,169,43,481,0,0,0,0,0,0,0,0,0,0,0,3,0
"2014/1/14",0,0,0,0,0,0,0,0,0,0,0,0,0,0,0,0,0,0,37,0,0,0,0,7,0,0,0,0,0,0,227,0,0,0,0,91,0,0,0,0,0,0,0,0,0,0,0,0,0,0,0,0,0,0,0,0,0,0,0,0,0,4,0,0,0,0,3,0,0,0,0,0,0,0,2,0,0,0,0,0,0,0,0,0,0,0,0,0,0,0,0,0,0,0,0,0,0,2,0,0,3,0,2,0,0,0,0,5,0,0,0,0,0,20,0,139,32,340,0,0,0,0,0,0,0,0,0,0,0,0,0
"2014/1/15",0,0,0,0,0,0,0,0,0,0,0,0,0,0,0,0,0,0,82,0,0,0,0,10,7,0,0,0,0,0,247,0,0,0,0,143,2,0,0,5,0,0,0,2,0,0,0,0,0,0,0,0,0,0,0,0,0,0,0,0,0,4,0,0,0,0,8,0,0,0,0,0,0,0,0,0,0,0,0,0,0,0,0,0,0,0,0,0,0,0,0,0,0,0,0,0,0,3,0,0,0,0,0,0,0,0,0,5,3,0,0,0,0,29,0,99,34,358,0,0,5,0,0,0,0,0,0,0,0,0,0
"2014/1/16",3,0,0,0,0,0,6,0,31,0,0,0,0,0,0,40,0,0,4,0,5,0,0,0,3,0,0,0,0,0,665,0,5,0,0,0,0,0,0,6,2,0,0,0,0,0,0,0,0,0,0,7,0,0,0,0,0,0,0,0,0,7,0,17,0,0,23,0,3,0,0,0,0,0,0,0,0,0,0,0,2,0,0,0,4,0,0,0,0,2,0,0,0,0,0,0,0,0,0,0,0,0,0,0,0,0,0,0,0,0,0,0,0,29,0,27,33,183,0,0,3,0,0,0,0,0,0,0,21,0,0
"2014/1/17",3,0,0,0,0,0,6,0,16,3,0,0,0,0,0,20,0,0,0,0,4,0,0,0,3,0,0,0,0,0,642,2,2,0,0,2,0,0,0,0,2,0,0,0,0,0,0,0,0,0,0,5,0,0,0,0,0,0,0,0,0,15,0,8,0,0,11,0,0,0,0,0,0,0,0,0,0,0,0,0,3,0,0,0,0,0,0,0,0,2,0,0,0,0,0,0,0,0,0,0,0,0,0,0,0,0,0,0,0,0,0,0,0,17,0,33,26,255,0,0,0,0,0,0,0,0,0,0,2,0,0
"2014/1/20",3,0,0,0,0,0,11,0,12,0,0,0,0,0,0,21,0,0,0,0,3,0,0,0,0,0,0,0,0,0,830,0,2,0,0,0,0,0,0,2,3,0,0,0,0,0,0,0,0,0,0,0,0,0,0,0,0,0,0,0,0,10,0,21,0,0,14,0,0,0,0,0,0,0,0,0,0,0,0,0,0,0,0,0,2,0,0,0,0,6,0,0,0,0,0,0,0,0,0,0,0,0,0,0,0,0,0,0,0,0,0,0,0,23,0,50,16,191,0,0,4,0,0,0,0,0,0,0,5,0,0
"2014/1/21",2,0,0,0,0,0,10,0,26,0,0,0,0,0,0,12,0,0,0,0,2,0,0,2,5,0,0,0,0,0,1175,2,0,0,0,0,0,0,0,16,0,0,0,0,0,0,0,0,0,0,0,3,0,0,0,0,0,0,0,0,0,17,0,30,0,0,17,0,0,0,0,0,0,0,0,0,0,0,0,0,4,0,0,0,7,0,0,0,0,6,0,0,0,0,0,0,0,0,0,0,0,0,0,0,0,0,0,0,3,0,0,0,0,36,0,74,46,265,0,0,3,0,0,0,0,0,0,0,21,0,0
"2014/1/22",6,0,0,0,0,0,19,0,18,4,0,0,0,0,0,13,0,0,27,0,5,0,0,0,11,0,0,0,0,0,1112,5,0,0,0,6,0,0,0,25,2,0,0,0,0,0,0,0,0,0,0,0,0,2,0,0,0,0,0,0,0,18,0,17,0,3,22,0,4,0,0,0,0,0,0,0,0,0,0,0,3,0,0,0,3,0,0,0,0,0,0,0,0,0,0,0,0,5,0,3,0,0,0,0,0,0,0,0,5,0,0,0,0,26,0,44,35,253,0,0,5,0,0,0,0,0,0,0,18,0,0
"2014/1/23",4,0,0,0,0,0,13,0,15,6,0,0,0,0,0,43,0,0,10,0,4,0,0,0,5,0,0,2,0,0,599,11,0,0,0,5,0,0,0,48,2,0,0,0,0,0,0,0,0,0,0,2,0,3,0,0,0,0,0,0,0,12,0,18,0,2,19,0,13,0,0,0,0,0,0,0,0,0,0,0,4,0,0,0,0,0,0,0,0,2,0,0,0,0,0,0,0,4,0,2,0,0,0,0,0,0,0,2,2,0,0,0,0,32,0,64,35,387,0,0,7,0,0,0,0,0,0,0,13,0,0
"2014/1/24",0,0,0,0,5,21,0,0,0,9,0,0,0,0,0,3,0,14,11,0,7,0,0,27,7,0,0,0,0,0,468,2,6,0,0,460,0,0,0,60,0,0,0,0,0,0,0,0,5,0,0,5,0,0,2,0,0,0,0,0,0,11,6,0,0,5,40,0,3,3,0,0,0,0,3,7,0,0,0,0,0,0,0,3,0,0,0,0,2,9,0,0,0,0,0,0,0,4,0,0,0,0,2,0,0,0,0,12,5,0,0,0,0,33,0,282,46,821,0,0,2,0,0,0,0,0,0,0,2,0,0
"2014/1/27",0,0,0,0,0,17,0,0,0,5,0,0,0,0,0,2,0,10,15,0,7,0,0,13,5,0,0,0,0,0,374,2,14,0,0,359,2,0,0,22,0,0,0,0,0,0,0,0,0,0,0,2,0,0,0,0,0,0,0,0,0,9,7,0,0,3,27,0,0,0,0,0,0,0,5,5,0,0,0,0,0,0,0,0,0,0,0,0,0,14,2,0,0,0,0,0,0,6,0,0,0,0,0,0,0,0,0,4,0,0,0,0,0,33,0,238,54,714,0,0,3,0,0,0,0,0,0,0,0,0,0
"2014/1/28",0,0,0,0,4,27,0,0,0,4,0,0,0,0,0,4,0,3,17,0,6,0,0,13,6,0,0,0,0,0,385,12,9,0,0,371,0,0,0,30,0,0,0,0,0,0,0,0,7,0,0,2,0,0,3,0,0,0,0,0,0,18,6,0,0,3,28,0,0,0,2,0,0,0,0,9,0,0,0,4,0,0,0,4,0,0,0,0,0,13,2,0,0,0,0,0,0,2,0,0,0,0,0,0,0,0,0,10,3,0,0,0,0,57,0,263,49,687,0,0,6,0,0,0,0,0,0,0,0,0,0
"2014/1/29",0,0,0,0,2,24,0,0,0,6,0,0,0,0,0,5,3,8,12,0,3,0,0,15,7,0,0,0,0,0,413,3,7,0,0,378,0,0,0,28,0,0,0,4,0,0,0,0,0,0,0,0,0,0,4,0,0,0,0,0,0,13,7,2,0,6,11,0,0,0,0,0,0,0,4,6,0,0,0,0,0,0,0,4,0,0,0,0,2,9,2,0,0,0,0,0,0,2,0,0,0,0,0,0,0,0,0,6,4,0,0,0,0,32,0,236,25,659,0,0,0,0,0,0,0,0,0,0,2,0,0
"2014/1/30",0,0,0,0,0,23,0,0,0,6,0,0,0,0,2,7,0,6,8,0,7,0,0,13,6,0,0,0,0,0,396,5,8,0,0,449,2,0,0,25,0,0,0,0,0,0,0,0,0,0,0,7,0,0,0,0,0,0,0,0,0,2,6,0,0,5,15,2,0,0,0,0,0,0,5,7,0,0,0,2,0,0,0,0,0,0,0,0,2,8,0,0,0,0,0,0,0,0,0,0,0,0,2,0,0,0,0,15,0,0,0,0,0,38,0,302,41,758,0,0,2,0,0,0,0,0,0,0,4,0,0
"2014/2/4",0,0,0,0,0,11,0,0,0,5,0,0,0,0,0,5,3,10,20,0,2,0,0,8,9,0,0,0,0,0,342,3,7,0,0,372,0,0,0,22,3,0,0,2,0,0,0,0,0,0,0,2,0,0,0,0,0,0,0,0,0,7,5,0,0,7,16,0,0,0,0,0,0,0,0,11,0,0,0,0,0,0,0,2,0,0,0,0,0,13,0,0,0,0,0,0,0,4,0,0,0,0,0,0,0,0,0,13,4,0,0,0,0,26,0,239,23,611,0,0,4,0,0,0,0,0,0,0,4,0,0
"2014/2/5",0,0,0,0,0,16,0,0,0,0,0,0,0,0,0,4,3,6,15,0,3,0,0,6,2,0,0,0,0,0,180,0,0,0,0,236,0,0,0,9,0,0,0,0,0,0,0,0,0,0,0,2,0,0,2,0,0,0,0,0,0,5,4,0,0,2,12,0,0,0,0,0,0,0,0,6,0,0,0,0,0,0,0,0,0,0,0,0,0,0,0,0,0,0,0,0,0,2,0,0,0,0,0,0,0,0,0,4,3,0,0,0,0,13,0,164,17,391,0,0,0,0,0,0,0,0,0,0,2,0,0
"2014/2/6",0,0,0,0,0,14,0,0,0,4,0,0,0,0,0,11,0,11,20,0,6,0,0,14,10,0,0,0,0,0,352,0,3,0,0,382,0,0,0,24,0,0,0,0,0,0,0,0,4,0,0,6,0,0,0,0,0,0,0,0,0,8,2,2,0,2,13,0,0,0,0,0,0,0,0,6,0,0,0,0,0,0,0,0,0,0,0,0,0,11,0,0,0,0,0,0,0,0,0,0,0,0,0,0,0,0,0,8,0,0,0,0,0,27,0,255,30,579,0,0,2,0,0,0,0,0,2,0,0,0,0
"2014/2/7",0,0,0,0,2,8,0,0,0,0,0,0,0,0,0,6,0,20,19,0,4,0,0,4,5,0,0,0,0,0,376,2,6,0,0,429,0,0,0,24,0,0,0,0,0,0,0,0,0,0,0,2,0,0,2,0,2,0,0,0,0,5,3,0,0,0,21,0,0,0,0,0,0,0,0,14,0,0,0,2,0,0,0,0,0,0,0,0,0,5,0,0,0,0,0,0,0,2,0,0,0,0,3,0,0,0,0,8,2,0,0,0,0,25,0,232,26,574,0,0,0,0,0,0,0,0,0,0,0,0,0
"2014/2/10",0,0,0,0,2,2,0,0,0,5,0,0,0,0,0,9,0,13,19,0,9,0,0,14,5,0,0,0,0,0,325,5,4,0,0,373,0,0,0,16,0,0,0,0,0,0,0,0,0,0,0,0,0,0,0,0,2,0,0,0,0,4,3,0,0,2,11,0,0,3,0,0,0,0,2,6,0,0,0,2,0,0,0,2,0,0,0,0,0,3,0,0,0,0,0,0,0,0,0,0,0,0,0,0,0,0,0,9,4,0,0,0,0,13,0,264,20,556,0,0,0,0,0,0,0,0,0,0,2,0,0
"2014/2/11",0,0,0,0,0,8,0,0,0,2,0,0,0,0,0,8,0,6,24,0,4,0,0,2,5,0,0,0,0,0,314,5,3,0,0,319,0,0,0,34,0,0,0,2,0,0,0,0,0,0,0,2,0,0,0,0,0,0,0,0,0,5,0,0,0,0,12,0,0,0,0,0,0,0,2,10,0,0,0,0,0,0,0,2,0,0,0,0,0,6,0,0,0,0,0,0,0,0,0,0,0,0,0,0,0,0,0,14,0,0,0,0,0,24,0,227,27,502,0,0,0,0,0,0,0,0,0,0,0,0,0
"2014/2/12",0,2,0,0,0,6,0,0,0,4,0,0,0,0,0,7,0,7,21,0,0,0,0,4,2,0,0,0,0,0,334,0,0,0,0,336,0,0,0,14,0,0,0,0,0,0,0,0,2,0,0,6,0,0,0,0,0,0,0,0,0,4,3,8,0,3,14,0,0,2,0,0,0,0,2,8,0,0,0,2,0,0,0,2,0,0,0,0,0,12,0,0,0,0,0,2,0,0,0,0,0,0,0,0,0,0,0,14,2,0,0,0,0,20,0,223,31,603,0,0,0,0,0,0,0,0,0,0,5,0,0
"2014/2/13",0,0,0,0,5,11,0,0,0,0,0,0,0,0,0,5,0,5,15,0,4,0,0,7,2,0,0,0,0,0,329,4,3,0,0,337,2,0,0,25,0,0,0,0,0,0,0,0,0,0,0,5,0,0,2,0,0,0,0,0,0,2,0,0,0,0,15,0,2,0,0,0,0,0,2,7,0,0,0,0,0,0,0,2,0,0,0,0,0,2,0,0,0,0,0,0,0,0,0,0,0,0,0,0,0,0,0,20,0,0,0,0,0,28,0,196,26,546,0,0,0,0,0,0,0,0,0,0,3,0,0
"2014/2/14",0,0,0,0,3,6,0,0,0,0,0,0,0,0,0,0,0,9,18,0,0,0,0,12,0,0,0,0,0,0,333,0,4,2,0,335,0,0,0,20,0,0,0,0,0,0,0,0,0,0,0,0,0,0,0,0,0,0,0,0,0,5,0,0,0,0,11,0,0,2,0,0,0,0,0,6,0,0,0,0,0,0,0,0,0,0,0,0,0,8,0,0,0,0,0,0,0,0,0,0,0,0,4,0,0,0,0,12,3,0,0,0,0,25,0,192,29,510,0,0,2,0,0,0,0,0,0,0,0,0,0
"2014/2/17",0,0,0,0,7,9,0,0,0,2,0,0,0,0,0,12,0,5,20,0,6,0,0,10,2,0,0,0,0,0,390,3,2,0,0,387,0,0,0,25,2,0,0,0,0,0,0,0,2,0,0,3,0,0,0,0,3,0,0,0,0,2,5,0,0,0,15,0,0,0,0,0,0,0,4,6,0,0,0,0,0,0,0,0,0,0,0,0,0,4,0,0,0,0,0,0,0,0,0,0,0,0,0,0,0,0,0,14,0,0,0,0,0,32,0,247,36,521,0,0,0,0,0,0,0,0,0,0,0,0,0
"2014/2/18",0,0,0,0,8,14,0,0,0,4,0,0,0,0,0,17,0,11,39,0,2,0,0,12,5,0,0,0,0,0,870,5,4,2,0,655,2,0,0,38,3,0,0,0,0,0,0,0,0,0,0,7,0,0,2,2,0,0,0,0,0,15,6,4,0,6,27,0,0,0,0,0,0,0,4,6,0,0,0,2,0,0,0,0,0,0,0,0,0,14,4,0,0,0,0,0,0,2,0,0,0,0,4,0,0,0,0,33,0,0,0,0,0,58,0,481,76,1131,0,0,6,0,0,0,0,0,0,0,9,0,0
"2014/2/19",0,0,0,0,3,6,0,0,0,2,0,0,0,0,0,7,0,7,19,0,0,0,0,2,8,0,0,0,0,0,295,2,3,0,0,362,0,0,0,20,0,0,0,0,0,0,0,0,0,0,0,2,0,0,2,0,0,0,0,0,0,2,6,2,0,0,17,2,0,2,0,0,0,0,2,3,0,0,0,0,0,0,0,2,0,0,0,0,0,9,0,0,0,0,0,0,0,0,0,0,0,0,4,0,0,0,0,11,2,0,0,2,0,20,0,180,28,396,0,0,0,0,0,0,0,0,0,0,0,0,0
"2014/2/20",0,0,0,0,5,13,0,0,0,2,0,0,0,0,0,10,0,14,14,0,4,0,0,16,9,0,0,0,0,0,505,0,7,2,0,588,2,0,0,39,0,0,0,0,0,0,0,0,0,0,0,4,0,0,0,0,0,0,0,0,0,7,4,4,0,2,18,0,0,0,0,0,0,0,0,5,0,0,0,0,0,0,0,2,0,0,0,0,2,9,5,0,0,0,0,0,0,0,0,0,0,0,0,0,0,0,0,9,0,0,0,0,0,41,0,289,49,658,0,0,2,0,0,0,0,0,0,0,4,2,0
"2014/2/21",0,0,0,0,8,6,0,0,0,6,0,0,0,0,0,8,0,6,24,0,3,0,0,15,2,0,0,0,0,0,544,5,4,0,0,581,0,0,0,52,0,0,0,0,0,0,0,0,0,0,0,7,0,0,2,0,0,0,0,0,0,5,3,2,0,3,26,2,3,0,0,0,0,0,4,3,0,0,0,0,0,0,0,2,0,0,0,0,0,10,0,0,0,0,0,0,0,0,0,2,0,0,0,0,0,0,0,19,2,0,0,0,0,47,0,289,64,668,0,0,4,0,0,0,0,0,0,0,5,0,0
"2014/2/24",0,0,0,0,5,4,0,0,0,4,0,0,0,0,0,8,0,12,24,0,3,0,0,7,8,0,0,0,0,0,567,12,0,0,0,656,2,0,0,51,0,0,0,0,0,0,0,0,0,0,0,4,0,0,0,0,0,0,0,0,0,10,8,0,0,3,24,0,3,0,0,0,0,0,5,7,0,0,0,0,0,0,0,0,0,0,0,0,0,12,0,0,0,0,0,0,0,2,0,0,0,0,2,0,0,0,0,10,3,0,0,0,0,41,0,264,47,704,0,0,0,0,0,0,0,0,0,0,9,0,0
"2014/2/25",0,0,0,0,10,4,0,0,0,8,0,0,0,0,0,6,0,10,14,0,0,0,0,10,9,0,0,0,0,0,536,7,4,0,0,547,0,0,0,63,0,0,0,0,0,0,0,0,0,0,0,9,0,0,3,0,0,0,0,0,0,9,5,3,0,7,23,0,2,0,0,0,0,0,3,8,0,0,0,0,0,0,0,2,0,0,0,0,2,6,0,0,0,0,0,0,0,0,0,0,0,0,0,0,0,0,0,12,2,0,0,0,0,36,0,279,65,702,0,0,0,0,0,0,0,0,0,0,0,2,0
"2014/2/26",0,0,0,0,4,2,0,0,0,5,0,0,0,0,0,10,0,7,18,0,8,0,0,8,6,0,0,0,0,0,571,8,3,0,0,508,0,0,0,48,0,0,0,0,0,0,0,0,0,0,0,8,0,0,0,0,3,0,0,0,0,5,3,0,0,2,22,0,2,0,0,0,0,0,2,11,0,0,0,0,0,0,0,0,0,0,0,0,0,8,2,0,0,0,0,0,0,0,0,0,0,0,4,0,0,0,0,15,5,0,0,0,0,30,0,255,56,670,0,0,2,0,0,0,0,0,0,0,4,0,0
"2014/2/27",0,0,0,0,2,11,0,0,0,0,0,0,0,0,0,8,0,10,16,0,4,0,0,7,4,0,0,0,0,0,441,5,3,0,0,463,2,0,0,15,0,0,0,0,0,0,0,0,0,0,0,4,0,0,2,0,0,0,0,0,0,2,4,3,0,2,22,0,2,0,0,0,0,0,0,2,0,0,0,0,0,0,0,2,0,0,0,0,0,6,0,0,0,0,0,0,0,0,0,0,0,0,2,0,0,0,0,8,0,0,0,0,0,41,0,226,52,573,0,0,2,0,0,0,0,0,0,0,2,0,0
"2014/2/28",0,0,2,0,2,4,0,0,0,2,0,0,0,0,0,8,0,16,18,0,4,0,0,10,3,0,0,0,0,0,552,3,0,0,0,448,0,0,0,4,0,0,0,0,0,0,0,0,0,0,0,5,0,0,2,0,0,0,0,0,0,10,0,0,0,0,25,0,0,0,0,0,0,0,0,6,0,0,0,0,0,0,0,0,0,0,0,0,0,7,0,0,0,0,0,0,0,0,0,0,0,0,3,0,0,0,0,12,0,0,0,0,0,33,0,261,65,628,0,0,7,0,0,0,0,0,0,0,0,0,0
"2014/3/3",0,0,0,0,0,6,0,0,0,5,0,0,0,0,0,10,2,11,10,0,5,0,0,21,8,0,0,0,0,0,667,2,0,0,0,517,0,0,0,26,2,0,0,0,0,0,0,0,0,0,0,4,0,0,0,0,0,0,0,0,0,13,3,3,0,0,19,0,0,0,0,0,0,0,2,10,0,0,0,0,0,0,0,0,0,0,0,0,3,5,2,0,0,0,0,0,0,0,0,0,0,0,5,0,0,0,0,6,7,0,0,0,0,30,0,272,65,621,0,0,0,0,0,0,0,0,0,0,0,0,0
"2014/3/4",0,0,0,0,3,9,0,0,0,5,0,0,0,0,0,5,0,16,34,0,6,0,0,10,2,0,0,0,0,0,544,8,0,0,0,432,0,0,0,35,0,0,0,0,0,0,0,0,0,0,0,5,0,0,2,0,0,0,0,0,0,10,0,0,0,0,23,0,0,0,0,0,0,0,0,3,0,0,0,0,0,0,0,0,0,0,0,0,0,5,0,0,0,0,0,0,0,0,0,0,0,0,0,0,0,0,0,11,3,0,0,0,0,28,0,304,78,685,0,0,5,0,0,0,0,0,0,0,2,0,0
"2014/3/5",0,0,0,0,2,3,0,0,0,0,0,0,0,0,0,6,0,14,16,0,2,0,0,7,4,0,0,0,0,0,294,5,0,0,0,263,3,0,0,34,0,0,0,0,0,0,0,0,0,0,0,2,0,0,0,0,0,0,0,0,0,3,2,0,0,0,7,0,0,0,0,0,0,0,0,6,0,0,0,0,0,0,0,0,0,0,0,0,0,0,0,0,0,0,0,0,0,3,0,0,0,0,0,0,0,0,0,2,2,0,0,0,0,41,0,180,32,428,0,0,3,0,0,0,0,0,0,0,0,0,0
"2014/3/6",0,0,0,0,4,4,0,0,0,3,0,0,0,0,0,5,0,9,19,0,2,0,0,9,4,0,0,0,0,0,409,0,0,0,0,431,0,0,0,8,0,0,0,2,0,0,0,0,0,0,0,4,0,0,2,0,0,0,0,0,0,6,3,0,0,0,19,2,2,2,0,0,0,0,2,7,0,0,0,0,0,0,0,0,0,0,0,0,0,5,0,0,0,0,0,0,0,0,0,0,0,0,7,0,0,0,0,12,3,0,0,0,0,18,0,206,42,543,0,0,0,0,0,0,0,2,0,0,2,0,0
"2014/3/7",0,0,0,0,6,2,0,0,0,4,0,0,0,0,0,10,0,17,29,0,0,0,0,11,3,0,0,0,0,0,422,2,0,0,0,435,0,0,0,30,0,0,0,0,0,0,0,0,0,0,0,6,0,0,0,0,0,0,0,0,0,8,4,5,0,0,12,0,0,0,0,0,0,0,0,7,0,0,0,0,0,0,0,0,0,0,0,0,0,4,0,0,0,0,0,0,0,0,0,2,0,0,3,0,0,0,0,12,0,0,0,0,0,39,0,226,66,681,0,0,0,0,0,0,0,0,0,0,2,0,0
"2014/3/10",0,0,0,0,10,0,0,0,0,4,0,0,0,0,0,6,0,19,8,0,4,0,0,11,3,0,0,0,0,0,524,2,0,2,0,560,0,0,0,30,0,0,0,0,0,0,0,0,0,0,0,7,0,0,0,0,0,0,0,0,0,0,4,0,0,3,11,2,0,0,0,4,0,0,0,3,0,0,0,0,0,0,0,0,0,0,0,0,0,3,0,2,0,0,0,0,0,0,0,0,0,0,7,0,0,0,0,16,2,0,0,0,0,39,0,179,47,665,0,0,2,0,0,0,0,0,0,0,0,0,0
"2014/3/11",0,0,0,0,6,0,0,0,0,0,0,0,0,0,0,6,0,11,3,0,0,0,0,7,6,0,0,0,0,0,403,6,0,0,0,404,0,0,0,18,0,0,0,0,0,0,0,0,0,0,0,5,0,0,0,0,0,0,0,0,0,2,3,0,0,0,18,0,0,2,0,0,0,0,0,6,0,0,0,0,0,0,0,0,0,0,0,0,0,3,0,0,0,0,0,0,0,0,0,0,0,0,9,0,0,0,0,9,0,0,0,2,0,24,0,216,42,569,0,0,0,0,0,0,0,0,0,0,2,0,0
"2014/3/12",0,0,0,0,2,0,0,0,0,3,0,0,0,0,0,3,0,3,7,0,2,0,0,8,8,0,0,0,0,0,365,6,0,0,0,279,0,0,0,22,0,0,0,0,0,0,0,0,0,0,0,3,0,0,0,0,0,0,0,0,0,5,0,0,0,0,8,0,0,0,0,0,0,0,0,3,0,0,0,0,0,0,0,0,0,0,0,0,0,3,0,0,0,0,0,0,0,0,0,0,0,0,0,0,0,0,0,9,2,0,0,0,0,10,0,115,32,448,0,0,2,0,0,0,0,0,0,0,0,0,0
"2014/3/13",35,0,13,2,0,13,7,0,52,107,33,33,0,0,8,27,14,130,1891,0,928,0,9,2,45,0,0,0,0,0,1050,70,0,0,0,2,3,0,0,995,9,0,23,3,0,30,44,5,8,0,0,0,0,0,57,3,23,0,0,0,0,123,0,0,0,552,3062,42,112,0,0,42,0,2,2,37,34,3,0,0,0,0,0,0,0,0,0,0,0,19,0,0,0,0,0,9,0,0,6,0,5,0,0,0,0,0,0,11,31,0,0,0,0,510,0,425,156,4281,9,0,4,4,0,36,0,106,0,37,22,0,0
"2014/3/14",7,0,23,4,13,13,0,13,32,32,16,13,0,0,4,52,11,12,252,6,82,0,5,9,48,0,0,0,0,0,2031,27,0,0,0,0,0,0,0,200,4,0,2,0,0,0,5,0,21,0,10,19,0,0,16,0,3,0,0,2,0,5,0,0,5,296,33945,73,117,0,5,60,0,0,11,6,30,0,5,0,0,0,2,0,2,0,0,0,0,2,0,0,0,0,0,4,0,0,2,3,0,0,0,0,0,0,0,11,15,0,0,2,0,44,0,215,83,1402,5,0,3,14,0,20,0,86,47,376,93,0,0
"2014/3/17",10,0,5,0,19,14,0,34,24,30,0,0,0,0,0,7,3,4,42,0,69,0,4,8,40,0,0,0,0,0,1356,11,0,0,0,0,6,2,0,182,0,0,8,0,0,0,8,0,13,0,32,22,0,0,4,0,0,0,0,0,0,21,0,0,2,274,34804,22,57,44,0,37,0,0,52,4,20,0,4,0,0,0,5,0,2,0,0,0,0,2,0,0,0,0,0,2,3,0,2,28,5,0,0,0,3,0,0,2,24,0,0,5,0,26,0,74,66,3119,0,0,6,3,0,10,0,41,88,293,101,0,0
"2014/3/18",3,0,9,0,0,19,0,104,17,37,5,3,0,0,5,4,4,15,92,0,114,0,5,4,59,0,0,0,0,0,2400,45,0,0,4,0,5,6,0,169,0,0,2,0,0,2,6,0,14,0,34,22,0,0,8,0,5,3,0,0,0,50,0,0,0,233,34806,47,49,46,3,36,0,0,27,0,46,0,5,0,0,0,2,0,0,0,2,0,0,4,0,0,0,0,0,4,4,4,0,16,8,0,0,0,0,0,0,13,26,0,0,28,0,26,2,330,68,1466,4,0,8,0,0,7,0,56,35,122,93,0,0
"2014/3/19",10,0,13,0,4,71,3,264,56,124,29,27,0,0,15,24,4,60,94,0,197,0,7,5,107,0,0,0,0,0,4493,106,0,0,14,11,2,77,0,558,3,0,22,4,0,7,13,3,32,0,21,42,0,0,14,0,6,21,0,6,0,25,0,0,2,1384,18194,135,251,19,11,86,0,2,57,12,113,4,9,0,0,0,9,0,4,2,8,0,0,25,0,0,0,0,0,10,7,5,4,15,24,0,0,0,12,0,0,30,75,0,0,43,0,114,5,464,223,1223,3,0,28,0,0,19,0,34,95,173,156,0,0
"2014/3/20",0,0,23,12,0,23,13,950,172,72,45,14,0,0,15,105,6,62,39,3,140,0,11,11,104,0,0,0,0,3,5637,100,0,0,24,16,5,67,0,932,3,0,4,2,0,5,26,5,45,0,16,41,0,0,30,3,30,0,0,4,0,9,0,0,0,427,13564,27,168,19,2,115,0,17,42,18,145,2,5,0,0,2,4,0,3,2,2,0,0,94,0,0,0,0,0,16,7,10,2,3,23,0,0,0,0,0,0,49,51,0,0,4,0,244,0,330,424,2842,0,0,29,0,0,23,0,151,3,95,368,0,0
"2014/3/21",0,0,3,0,0,4,0,300,6,6,4,0,0,0,0,2,0,6,13,0,55,0,5,0,20,0,0,0,0,0,1108,2,0,0,0,0,0,0,0,317,0,0,2,0,0,0,11,0,20,0,11,0,0,0,2,0,0,0,0,0,0,45,0,0,0,61,46513,7,37,3,0,10,0,0,11,2,4,0,0,0,0,0,0,0,0,0,0,0,0,2,0,0,0,0,0,2,0,0,0,0,2,0,0,0,0,0,0,8,10,0,0,0,0,6,0,46,24,966,0,0,0,0,0,4,0,17,11,107,55,0,0
"2014/3/24",0,0,4,2,0,9,0,358,26,37,30,13,0,0,2,9,2,42,28,0,140,0,32,5,28,0,0,0,0,4,1867,23,0,0,11,0,7,29,0,890,2,0,0,4,0,4,10,0,14,0,113,10,0,0,10,0,8,0,0,0,0,49,0,0,3,92,41840,9,71,11,0,69,0,5,77,9,35,2,0,0,0,0,0,0,0,81,2,0,0,4,0,0,0,0,0,2,0,0,0,0,3,0,0,0,2,0,0,25,63,0,0,2,0,97,0,118,93,634,3,0,4,0,0,36,0,65,48,75,297,0,0
"2014/3/25",0,0,2,0,0,9,3,310,10,21,11,7,0,0,0,6,0,26,47,0,97,0,12,5,22,0,0,0,0,0,1907,18,0,0,2,0,2,17,0,754,4,0,8,0,0,2,10,0,15,0,106,6,0,0,7,0,13,0,0,0,0,310,0,0,0,84,40989,33,87,42,3,42,0,0,58,7,17,0,2,0,0,0,6,0,0,40,0,0,0,4,0,0,0,0,0,0,2,2,0,0,5,0,0,0,0,0,0,9,37,0,0,4,0,47,0,178,52,2190,3,0,2,0,0,12,0,31,56,97,217,0,0
"2014/3/26",0,0,0,0,0,12,0,140,42,20,10,2,0,0,2,8,7,236,493,20,671,0,18,7,13,0,0,0,0,0,744,31,0,0,0,2,0,11,0,1727,27,0,43,3,0,38,83,2,14,0,51,7,0,0,16,0,30,0,0,0,0,7,0,0,0,223,34496,26,72,17,2,36,0,5,4,12,17,0,3,0,0,0,2,0,0,0,0,0,0,15,0,0,0,0,0,4,0,0,0,2,8,0,0,0,0,0,0,8,29,0,0,2,0,128,0,2308,69,652,0,0,0,0,0,8,0,77,8,11,96,0,0
"2014/3/27",16,0,0,0,0,25,2,16,27,63,3,0,0,0,2,5,2,39,18,0,151,0,2,0,4,0,0,0,0,0,718,3,0,0,0,0,6,0,0,394,5,0,20,0,0,16,23,0,7,0,0,6,0,0,11,0,15,0,0,0,0,4,0,0,0,1935,14391,54,9,0,0,34,0,0,0,5,12,0,4,0,0,0,0,0,2,0,0,0,0,0,0,0,0,0,0,8,0,0,0,0,23,0,0,0,0,0,0,3,15,0,0,5,0,104,0,85,61,299,0,0,2,0,0,4,0,6,0,52,5,0,0
"2014/3/28",2,0,0,0,0,271,3,0,117,75,98,18,0,0,21,410,7,407,169,0,232,0,68,71,93,0,0,0,0,0,5271,891,0,0,0,52,0,0,0,1553,35,4,0,26,0,28,11,0,26,0,0,93,18,0,88,0,11,0,0,5,0,6,0,0,0,8428,16188,26,161,2,6,238,0,0,5,38,50,3,12,0,0,6,16,0,49,0,0,0,0,60,0,0,0,0,0,86,0,3,30,0,16,0,0,0,51,0,0,182,82,0,0,247,0,281,7,397,393,1934,3,0,3,0,0,0,0,0,0,0,64,0,0
"2014/3/31",0,0,0,0,0,24,0,2,42,58,3,5,0,0,0,36,5,51,6,2,225,0,5,4,13,0,0,0,0,0,35,4,0,0,0,0,3,0,0,605,7,0,12,3,0,7,30,0,14,0,0,31,0,0,14,0,18,0,0,0,0,0,0,0,0,357,74258,3,0,0,0,62,0,0,0,3,5,0,9,0,0,0,2,0,0,0,0,0,0,0,0,0,0,0,0,4,0,0,2,0,19,0,0,0,2,0,0,6,13,0,0,0,0,114,0,57,58,173,2,0,0,0,0,0,0,0,0,7,2,0,0
"2014/4/1",5,0,123,0,0,19,0,912,43,51,3,0,0,0,2,15,3,171,53,6,683,0,7,37,729,15,0,0,0,9,4068,5,0,0,104,0,2,3,0,10968,21,0,19,0,0,31,91,2,4,0,1999,0,0,0,18,0,45,0,0,0,0,0,0,0,10,370,12650,15,58,0,0,5,0,46,6,3,7,0,0,0,0,0,0,0,0,0,0,0,0,31,0,0,0,0,0,0,0,0,0,0,0,0,0,0,0,0,0,4,13,0,0,0,0,318,0,128,125,240,0,0,9,0,0,5,0,610,2,40,857,0,0
"2014/4/2",2244,0,11,0,0,23,6,0,246,252,41,22,0,0,25,73,15,236,1173,2,545,0,37,6,76,6,0,0,0,0,17246,37,0,0,24,2,0,0,0,4166,18,0,41,14,0,28,150,5,26,0,0,6,0,0,71,6,53,0,0,0,0,0,0,0,2,155,1075,5,665,2,0,108,0,0,0,26,70,0,2,0,0,0,3,0,0,5,0,0,0,533,0,0,0,0,0,3,0,0,76,0,8,0,0,0,0,0,0,19,98,0,0,0,0,755,2,364,266,836,7,0,9,0,0,5,0,761,0,1596,88,0,0
"2014/4/3",0,0,0,0,0,0,0,0,0,0,0,0,0,0,0,0,0,0,0,0,0,0,0,0,0,0,0,0,0,0,4891,0,0,0,0,0,0,0,0,10,0,0,0,0,0,0,0,0,0,0,0,0,0,0,0,0,0,0,0,0,0,0,0,0,0,2,193,0,0,0,0,0,0,0,0,0,0,0,0,0,0,0,0,0,0,0,0,0,0,0,0,0,0,0,0,0,0,0,0,0,0,0,0,0,0,0,0,0,0,0,0,0,0,0,0,21872,7,23452,0,0,0,0,0,0,0,0,0,0,0,0,0
"2014/4/4",12,0,0,0,0,0,0,0,0,0,0,0,0,0,0,0,0,0,43,0,0,0,0,0,0,0,0,0,0,0,6607,2,0,0,0,0,0,0,0,2,0,0,0,0,0,0,0,0,0,0,0,0,0,0,0,0,0,0,0,0,0,0,0,0,0,51,2402,0,3,0,0,0,0,0,0,0,0,0,0,0,0,0,0,0,0,0,0,0,0,0,0,0,0,0,0,0,0,0,0,0,0,0,0,0,0,0,0,0,0,0,0,0,0,0,0,16892,105,28118,0,0,0,0,0,0,0,0,0,0,2,0,0
"2014/4/7",0,0,0,0,0,0,0,0,0,0,0,0,0,0,0,0,0,0,0,0,0,0,0,0,0,0,0,0,0,0,2,0,0,0,0,0,0,0,0,0,0,0,0,0,0,0,0,0,0,0,0,0,0,0,0,0,0,0,0,0,0,0,0,0,0,2,18,0,0,0,0,0,0,0,0,0,0,0,0,0,0,0,0,0,0,0,0,0,0,0,0,0,0,0,0,0,0,0,0,0,0,0,0,0,0,0,0,0,0,0,0,0,0,0,0,18,0,15,0,0,0,0,0,0,0,0,0,0,0,0,0
"2014/4/8",0,0,0,0,0,0,0,0,0,0,0,0,0,0,0,0,0,0,741,0,0,0,0,0,0,0,0,0,0,0,1586,0,0,0,0,0,0,0,0,2,0,0,0,0,0,0,0,0,0,0,0,0,0,0,0,0,0,0,0,0,0,0,0,0,0,8,92,0,0,0,0,0,0,0,0,2,0,0,0,0,0,0,0,0,0,0,0,0,0,0,0,0,0,0,0,0,0,0,0,0,0,0,0,0,0,0,0,0,0,0,0,0,0,0,0,53758,289,16293,0,0,0,0,0,0,0,2,0,0,0,0,0
"2014/4/9",0,0,0,0,0,0,0,0,0,0,0,0,0,0,0,0,0,0,10,0,0,0,0,0,0,0,0,0,0,0,3921,2,0,0,0,8,0,0,0,5,0,0,0,0,0,0,0,0,0,0,0,0,0,0,0,0,0,0,0,0,0,2,0,0,0,593,28,0,0,0,0,0,0,0,0,0,0,0,0,0,0,0,0,0,0,0,0,0,2,5,0,0,0,0,0,0,0,0,0,0,0,0,0,0,0,0,0,4,0,0,0,0,0,2,0,25792,576,28454,0,0,0,0,0,0,0,0,0,0,0,0,0
"2014/4/10",4,0,0,0,0,0,0,0,0,0,0,0,0,0,0,0,0,0,261,0,0,0,0,0,0,0,0,0,0,0,6859,0,0,0,0,0,0,0,0,2,0,0,0,0,0,0,0,0,0,0,0,0,0,0,0,0,0,0,0,0,0,0,0,0,0,42,157,0,0,0,0,0,0,0,0,0,0,0,0,0,0,0,0,0,0,0,0,0,0,0,0,0,0,0,0,0,0,0,0,0,0,0,0,0,0,0,0,0,0,0,0,0,0,0,0,38985,191,17464,0,0,0,0,0,0,0,0,0,0,2,0,0
"2014/4/11",0,0,0,0,0,0,0,0,0,0,0,0,0,0,0,0,0,0,23,0,0,0,0,0,0,0,0,0,0,0,4762,0,0,0,0,0,0,0,0,2,0,0,0,0,0,0,0,0,0,0,0,0,0,0,0,0,0,0,0,0,0,0,0,0,0,17,125,0,6,0,0,0,0,0,0,0,0,0,0,0,0,0,0,0,0,0,0,0,0,5,0,0,0,0,0,0,0,0,0,0,0,0,0,0,0,0,0,0,0,0,0,0,0,4,0,76078,94,21283,0,0,4,0,0,0,0,0,0,0,2,0,0
"2014/4/14",0,0,0,0,0,0,0,0,0,0,0,0,0,0,0,0,0,0,30,0,0,0,0,0,0,0,0,0,0,0,21002,0,0,0,0,0,0,0,0,4,0,0,0,0,0,0,0,0,0,0,0,0,0,0,0,0,0,0,0,0,0,0,0,0,0,53,1118,0,5,0,0,0,0,0,0,0,0,0,0,0,0,0,0,0,0,0,0,0,0,2,0,0,0,0,0,0,0,0,0,0,0,0,0,0,0,0,0,0,0,0,0,0,0,2,0,49530,831,23800,0,0,0,0,0,0,0,0,0,0,0,0,0
"2014/4/16",0,0,0,0,0,0,0,2,0,0,0,0,0,0,0,0,0,0,43,0,0,0,0,0,0,0,0,0,0,0,4030,0,0,0,0,0,0,0,0,9,0,0,0,0,0,0,0,0,0,0,2,0,0,0,0,79,0,0,0,0,0,0,0,0,0,254,203,0,6,0,0,0,0,0,0,0,0,0,0,0,0,0,0,0,0,0,0,0,0,0,0,0,0,0,0,0,0,0,0,0,0,0,0,0,0,0,0,0,0,0,0,0,0,0,0,40500,594,35096,0,0,0,0,0,0,0,2,0,0,2,0,0
"2014/4/17",3,0,0,0,0,0,0,0,0,0,0,0,0,0,0,0,0,0,3,0,0,0,0,0,0,0,0,0,0,0,20944,0,0,0,0,0,0,0,0,2,2,0,0,0,0,0,0,0,0,0,0,0,0,0,0,2,0,0,0,0,0,0,0,0,0,79,1050,0,4,0,0,0,0,0,0,0,0,0,0,0,0,0,0,0,0,0,0,0,0,0,0,0,0,0,0,0,0,0,0,0,0,0,0,0,0,0,0,0,0,0,0,0,0,0,0,51340,634,9799,0,0,0,0,0,0,0,0,0,0,0,0,0
"2014/4/22",0,0,0,0,0,0,24,4,401,12,51,4,0,0,144,26,173,65,408,0,11,0,43,10,3,0,0,27,0,0,6357,486,0,0,0,0,13,0,0,1836,22,0,0,0,0,0,0,0,169,2,0,7,0,0,0,0,32,24,0,0,0,0,0,0,0,72,74,6,3,0,0,43,0,29,21,0,0,58,0,0,2,0,0,0,2,0,0,0,0,229,0,0,0,0,0,7,0,39,3,59,260,0,3,0,0,0,0,185,121,0,0,20,0,1370,4,2891,1191,11481,0,0,11,0,0,8,0,3,0,0,3952,0,0
"2014/4/23",0,0,2,0,0,0,20,2,387,13,52,5,0,0,149,42,162,36,222,0,8,0,48,4,0,0,0,25,0,0,5624,314,0,0,0,0,5,0,0,1365,21,0,0,0,0,6,0,0,100,0,0,6,0,4,0,0,51,28,0,0,0,0,0,0,0,40,44,3,4,0,0,48,0,17,14,0,0,35,0,0,0,0,0,0,3,0,0,0,0,282,0,0,0,0,0,9,0,20,0,18,110,3,6,0,0,0,0,197,121,0,0,23,0,1452,3,2367,1085,14788,0,0,5,0,0,0,0,2,0,0,2975,0,0
"2014/4/24",0,0,2,0,0,0,18,3,428,12,68,4,0,0,161,29,197,28,165,0,4,0,84,7,2,0,0,26,0,0,8394,404,0,0,0,0,12,0,0,1633,2,0,0,0,0,5,2,0,90,3,0,3,0,11,0,0,41,36,0,0,0,0,0,0,0,486,26,0,4,0,0,61,0,17,9,0,0,33,0,0,5,0,0,0,2,0,0,0,0,415,0,0,0,0,0,4,0,12,0,9,63,3,12,0,0,0,0,186,163,0,0,16,0,1825,10,2375,2307,10680,0,0,29,0,0,0,0,2,0,0,2420,0,2
"2014/4/25",0,0,2,0,0,0,136,0,835,47,184,8,0,0,412,89,452,57,404,0,27,0,181,25,10,0,0,64,0,0,13489,828,0,0,0,0,24,0,0,2447,42,0,0,0,0,5,0,0,223,10,0,20,0,7,0,0,61,67,0,0,0,2,0,0,0,453,51,0,6,2,0,165,0,52,17,0,2,119,0,0,16,0,0,0,5,0,0,0,0,804,0,0,0,0,0,23,0,13,0,41,438,5,26,0,0,0,0,691,302,0,0,36,0,2405,28,4462,4248,16620,0,0,84,0,0,12,0,0,0,0,2647,0,3
"2014/4/28",2,0,0,0,0,0,134,0,643,59,169,10,0,0,391,110,447,46,163,0,15,0,208,24,3,0,0,44,0,0,13567,712,0,0,0,0,16,0,0,2658,30,0,0,2,0,6,0,0,190,0,0,8,0,22,0,0,60,85,0,0,0,5,0,0,0,389,37,0,14,2,0,186,0,70,13,0,0,88,0,0,6,0,0,0,2,0,0,0,0,981,0,0,0,0,0,4,0,0,2,40,304,5,64,0,2,0,0,691,332,0,0,45,0,3628,31,3705,4377,14742,0,0,46,0,0,8,0,3,0,0,1844,0,0
"2014/4/29",0,0,3,0,0,0,79,0,243,34,114,4,0,0,147,97,232,15,90,0,21,0,62,6,0,0,0,27,0,0,7690,244,0,0,0,0,13,0,0,763,5,0,0,0,0,3,0,0,71,2,0,8,0,6,0,0,27,50,0,0,0,0,0,0,0,123,16,0,4,0,0,126,0,11,2,0,0,42,0,0,5,0,0,0,0,0,0,0,0,559,0,0,0,0,0,0,0,0,0,10,68,2,17,0,0,0,0,416,80,0,0,7,0,1234,0,1943,1136,11200,0,0,58,0,0,8,0,0,0,0,557,0,0
"2014/4/30",0,0,0,0,0,0,218,0,274,102,100,10,0,0,237,334,318,17,75,0,17,0,56,2,0,0,0,149,0,0,20748,197,0,0,0,0,30,0,0,1314,20,0,0,0,0,5,0,0,96,0,0,3,0,0,0,0,474,9,0,0,0,26,0,0,0,372,40,0,71,2,0,258,0,5,0,0,0,33,0,0,3,0,0,0,0,0,0,0,0,841,0,0,0,0,0,0,0,0,0,19,80,2,2,0,2,0,0,423,70,0,0,13,0,2422,34,2822,2045,19748,0,0,160,0,0,31,0,8,0,0,841,0,0
"2014/5/2",0,0,0,0,0,0,112,0,179,29,37,5,0,0,95,263,161,50,585,0,31,0,22,7,5,0,0,52,0,0,14360,203,0,0,0,0,125,0,0,435,40,0,0,0,2,24,0,0,27,10,0,85,0,0,0,0,323,8,0,0,0,13,0,0,0,3137,55,0,20,2,0,199,0,8,2,0,0,39,0,0,3,0,0,0,0,0,0,0,0,1376,0,0,0,0,0,0,0,0,0,24,151,0,0,0,0,0,0,302,81,0,0,5,0,1293,27,2336,1542,19452,0,0,115,0,0,16,0,5,0,0,470,0,2
"2014/5/5",0,0,0,0,0,0,278,0,125,52,19,8,0,0,135,284,158,0,86,0,4,0,20,0,6,0,0,28,0,0,21186,107,0,0,0,0,198,0,0,374,6,0,0,2,0,0,0,0,17,0,0,90,0,0,0,0,150,5,0,0,0,2,0,0,0,261,14,0,2,0,0,326,0,3,0,0,0,17,0,0,0,0,0,0,0,0,0,0,0,616,0,0,0,0,0,0,0,0,0,0,28,2,2,0,0,0,0,78,64,0,0,2,0,1654,2,4340,870,15208,0,0,327,0,0,7,0,0,0,0,676,0,0
"2014/5/7",0,0,0,0,0,0,231,0,58,9,3,5,0,0,23,52,30,0,24,0,0,0,5,0,6,0,0,7,0,0,31355,30,0,0,0,0,37,0,0,105,2,0,0,0,0,7,0,0,3,0,0,72,0,0,0,0,52,4,0,0,0,3,0,0,0,99,2,0,0,6,0,241,0,0,0,0,0,9,0,0,0,0,0,0,0,0,0,0,0,878,0,0,0,0,0,0,0,0,0,0,3,0,0,0,0,0,0,43,26,0,0,0,0,453,5,3107,248,17018,0,0,84,0,0,2,0,0,0,0,315,0,0
"2014/5/8",0,0,0,0,0,0,26,0,8,3,2,0,0,0,2,15,8,0,6,0,0,0,0,0,10,0,0,2,0,0,22551,7,0,0,0,0,3,0,0,21,0,0,0,0,0,4,0,0,0,0,0,12,0,0,0,0,4,0,0,0,0,0,0,0,0,36,4,0,0,9,0,138,0,0,0,0,0,0,0,0,0,0,0,0,0,0,0,0,0,64,0,0,0,0,0,0,0,0,0,0,5,0,0,0,0,0,0,0,3,0,0,0,0,67,0,6011,26,10995,0,0,2,0,0,26,0,0,0,0,11,0,0
"2014/5/12",7,0,9,0,0,0,77,49,1572,60,297,155,0,42,252,247,1804,473,346,10,102,13,130,82,63,0,11,12,0,0,3511,2244,0,0,0,0,16,0,0,5769,105,0,0,12,7,26,27,0,1201,20,0,0,0,0,0,0,184,44,0,0,0,0,4,0,0,29,337,12,4,0,0,221,0,23,121,66,0,148,0,0,69,22,0,0,1,0,0,0,0,1158,0,0,0,0,0,46,0,29,11,44,251,9,3,0,2,0,0,494,82,0,48,19,0,1060,0,2489,2810,9392,0,0,17,0,0,2,0,9,0,0,649,0,24
"2014/5/13",0,0,0,0,0,0,274,0,799,0,4,15,0,0,44,2,123,40,291,0,56,3,274,0,76,0,40,0,0,0,10062,1462,0,0,0,0,7,0,0,3261,54,0,0,2,0,7,17,0,59,2,0,59,0,0,3,10,3,5,12,0,0,6,0,0,0,613,52,2,3,2,0,135,0,5,0,6,0,11,0,0,3,0,0,0,0,0,0,0,0,1797,0,0,0,0,0,0,0,0,7,20,71,0,0,0,4,0,0,153,208,0,5,0,0,612,0,1370,838,23459,0,0,63,0,0,2,0,0,0,0,226,0,0
"2014/5/14",0,0,0,0,0,0,48,4,922,19,82,85,0,0,121,77,936,122,309,4,67,7,58,2,30,0,2,36,0,0,4364,661,0,0,0,0,27,0,0,4281,20,0,11,10,7,9,69,0,242,9,0,19,0,58,6,0,15,91,0,0,0,1645,2,0,0,4813,147,3,64,3,0,287,0,11,31,12,0,45,0,0,13,0,0,0,2,0,0,0,0,521,0,0,0,0,0,8,0,492,8,38,156,3,0,0,0,0,0,363,146,0,6,6,0,424,2,2090,2091,17525,0,0,11,0,0,5,0,6,0,0,761,0,0
"2014/5/15",0,0,0,0,0,0,42,2,2571,104,45,104,0,3,249,70,894,126,702,0,39,4,69,4,39,0,0,28,0,0,9645,1211,0,0,0,0,15,0,0,4517,23,0,2,10,2,8,34,0,160,7,0,0,0,10,2,0,5,65,0,0,0,2,0,0,0,358,79,0,68,2,0,330,0,18,84,5,0,30,0,0,15,0,0,0,0,0,0,0,0,573,0,0,0,0,0,33,0,14,17,114,1494,7,0,0,0,0,0,701,116,0,13,6,0,1733,0,1943,1898,11049,0,0,42,0,0,9,0,0,0,0,1277,0,0
"2014/5/16",0,0,0,0,0,0,94,0,47,215,0,3,0,0,116,8,0,14,601,0,10,0,31,0,26,0,0,28,0,0,5059,363,32,0,0,0,11,0,0,404,0,0,0,0,0,2,0,0,0,0,0,214,0,6,0,0,2,7,0,0,0,145,0,0,0,13,6,0,0,0,0,231,0,25,51,0,0,0,0,0,0,0,0,0,5,0,0,0,0,809,0,0,0,0,0,0,0,134,0,7,110,0,3,0,0,0,0,288,132,0,0,19,13,639,0,3962,6338,12329,0,0,285,0,0,55,0,0,0,0,1681,0,0
"2014/5/20",0,0,0,0,6,0,156,0,82,443,10,2,0,0,197,15,5,22,1626,0,45,0,60,0,53,0,0,77,0,0,9307,650,68,2,0,0,30,0,0,786,15,0,0,0,0,10,0,0,0,2,0,546,0,21,0,0,3,13,0,0,0,55,0,0,0,25,8,0,2,0,0,541,0,58,106,0,0,0,0,0,0,0,0,0,9,0,0,0,0,1304,0,0,0,0,0,0,0,157,0,13,148,0,10,0,6,0,0,548,335,0,0,31,30,1280,0,7768,10480,20173,0,0,406,0,0,108,0,0,0,0,2906,0,0
"2014/5/21",0,0,0,0,13,0,353,0,374,76,16,3,0,0,143,7,14,5,478,0,34,0,40,2,13,0,0,61,0,0,11968,482,571,8,0,0,206,0,0,1913,21,0,0,0,0,0,0,0,0,0,0,644,0,31,3,0,9,0,0,0,0,203,0,0,0,21,12,0,4,0,0,739,0,61,454,0,0,0,0,0,0,0,0,0,43,0,0,0,0,2351,0,0,0,0,0,0,0,462,0,28,85,0,40,0,56,0,0,814,283,0,0,80,58,1415,0,6594,6861,19257,0,0,120,0,0,473,4,0,0,0,4958,0,0
"2014/5/22",0,0,0,0,2,0,140,0,147,51,7,0,0,0,80,1,4,5,65,0,16,0,26,2,65,0,0,13,0,0,6209,185,310,0,0,0,8,0,0,442,16,0,0,0,0,4,0,0,7,0,0,158,0,0,0,0,90,3,0,0,0,71,0,0,0,182,53,0,44,0,0,293,0,82,73,0,0,0,0,0,0,0,0,0,16,0,0,0,0,2187,0,0,0,0,0,0,0,94,0,2,0,0,8,0,10,0,0,643,144,0,0,7,3,1013,19,4818,7402,29818,0,0,85,0,0,260,17,0,0,0,2598,0,0
"2014/5/23",0,0,0,0,11,0,227,0,328,41,12,6,0,0,110,7,0,8,417,0,32,0,39,3,6,0,0,46,0,0,9318,415,461,6,0,0,171,0,0,1460,21,0,0,0,0,0,0,0,3,0,0,521,0,26,0,0,7,0,0,0,0,141,0,0,0,10,2,0,8,0,0,556,0,40,373,0,0,0,0,0,0,0,0,0,27,0,0,0,0,1808,0,0,0,0,0,0,0,395,0,20,47,0,32,0,33,0,0,635,218,0,0,70,47,1042,0,5459,5663,14454,0,0,127,0,0,465,0,0,0,0,3719,0,0
"2014/5/26",0,0,0,0,9,0,214,0,315,47,23,5,0,0,96,4,4,2,336,0,24,0,37,2,6,0,0,51,0,0,8061,308,415,5,0,0,178,0,0,1251,14,0,0,0,0,4,0,0,3,0,0,443,0,30,0,0,5,0,0,0,0,57,0,0,0,9,2,0,2,0,0,493,0,34,336,0,0,0,0,0,0,0,0,0,25,0,0,0,0,1683,0,0,0,0,0,0,0,399,0,23,39,0,32,0,26,0,0,643,192,0,0,82,37,946,0,4926,4949,12973,0,0,86,0,0,351,0,0,0,0,3297,0,0
"2014/5/27",0,0,0,0,0,0,131,0,145,56,2,0,0,0,73,10,2,4,32,0,6,0,16,4,77,0,0,12,0,0,5557,175,305,0,0,0,13,0,0,361,2,0,0,0,0,4,0,0,7,0,0,123,0,0,0,0,55,2,0,0,0,29,0,0,0,118,31,0,8,0,0,267,0,61,64,0,0,0,0,0,0,0,0,0,17,0,0,0,0,1691,0,0,0,0,0,0,0,105,0,7,0,0,25,0,9,0,0,726,164,0,0,16,0,1089,14,3778,7550,27529,0,0,56,0,0,133,13,0,0,0,2397,0,0
"2014/5/28",0,0,3,0,80,6,8,0,0,59,0,0,0,0,2,14,14,444,1609,4,98,0,13,108,179,0,0,0,6,0,13367,407,0,14,0,1051,8,0,0,1328,74,0,0,32,0,0,0,0,64,0,0,53,0,0,15,14,27,6,0,0,0,380,7,5,0,55,425,11,7,14,5,12,0,12,86,25,0,0,0,2,0,0,0,0,0,0,0,0,335,909,15,3,0,0,0,9,0,79,5,21,30,6,38,0,24,5,0,275,126,0,0,9,2,886,0,6289,2282,22238,0,0,106,0,0,7,0,15,0,5,436,18,0
"2014/5/29",2,0,2,0,106,4,11,0,0,59,0,0,0,0,2,21,13,527,1588,10,99,0,20,111,217,0,0,4,13,0,16492,530,0,36,0,1432,20,7,0,1923,147,0,0,50,0,0,0,0,73,0,0,99,6,0,8,23,26,8,0,0,0,339,2,0,0,38,500,18,18,11,7,10,0,26,144,39,0,0,0,0,0,0,0,2,0,0,0,0,620,1154,18,0,0,0,0,35,0,109,13,40,53,3,69,0,37,2,0,356,182,3,0,24,6,1356,0,8164,2885,25905,0,0,128,0,0,4,0,25,6,0,690,21,0
"2014/5/30",3,0,0,0,128,0,13,0,0,50,0,0,0,0,3,12,14,589,1820,8,91,0,14,109,217,0,1,2,6,0,14959,501,0,27,0,1311,6,0,0,1692,134,0,0,55,0,0,0,0,70,0,0,96,2,2,14,13,35,6,0,0,0,356,5,3,0,51,483,15,15,20,9,10,0,10,126,23,0,0,0,0,0,0,0,0,0,0,0,0,541,1137,28,2,0,0,0,34,0,159,5,35,40,7,54,0,35,6,0,362,177,3,0,12,7,1211,0,7989,3325,26185,0,0,132,0,0,5,0,26,4,4,715,22,0
"2014/6/3",4,0,0,0,162,4,10,0,0,49,0,0,0,0,2,13,7,458,1259,4,73,0,13,78,240,0,0,7,12,0,11357,463,0,26,0,1140,9,0,0,1826,93,0,0,44,0,0,0,0,56,0,3,107,41,2,10,19,43,8,0,0,0,330,4,2,0,25,425,10,11,10,11,9,0,21,116,19,0,0,0,0,0,0,0,0,0,0,0,0,572,896,14,0,0,0,0,48,0,158,15,57,41,6,35,0,34,0,0,299,147,0,0,14,2,1267,0,6668,2550,19305,0,0,136,0,0,14,0,9,4,5,526,16,0
"2014/6/4",4,0,0,0,159,8,10,0,6,76,0,0,0,0,4,22,10,642,1555,7,118,0,16,143,317,0,1,0,11,0,16928,569,3,28,0,1743,26,5,0,2114,161,0,0,44,0,0,0,0,68,0,0,114,0,2,15,18,31,2,0,0,0,383,7,13,0,51,546,17,18,19,7,11,0,23,137,22,0,0,0,0,0,0,0,0,0,0,0,0,616,1622,26,0,0,0,0,55,0,166,25,80,55,3,72,0,40,2,0,341,194,0,0,14,4,1707,0,8384,3322,29742,0,0,189,0,0,4,0,19,6,4,675,37,0
"2014/6/5",5,0,2,0,178,13,16,0,0,51,0,0,0,0,3,21,13,680,1530,9,102,0,15,117,324,0,1,0,10,0,15540,578,0,26,0,1494,31,2,0,2166,169,0,0,39,0,0,0,0,74,0,0,136,0,4,11,20,52,12,0,0,0,376,7,2,0,64,616,17,18,22,9,5,0,18,161,29,0,0,0,0,0,0,0,7,0,0,0,0,650,1520,20,0,0,0,0,55,0,185,15,108,61,4,67,2,47,6,0,340,186,4,0,13,2,1904,0,8096,3274,28765,0,0,204,0,0,10,0,19,7,7,633,52,0
"2014/6/6",2,0,0,0,74,0,11,0,0,67,0,0,0,0,0,5,32,173,328,7,68,0,19,162,164,0,0,3,5,0,5013,279,0,21,0,614,23,0,0,587,67,0,0,22,2,0,0,0,37,0,0,181,0,4,2,5,25,17,0,0,0,67,18,0,0,33,201,6,12,9,2,9,0,4,21,25,0,0,0,0,0,0,0,0,0,0,0,0,26,723,10,0,0,0,0,10,0,26,0,2,0,0,6,0,44,0,0,99,88,0,0,13,0,630,0,2234,1549,11057,0,0,78,0,0,28,0,10,3,4,189,27,0
"2014/6/9",0,0,0,0,38,0,2,0,0,27,0,0,0,0,0,4,23,118,285,2,66,0,5,86,65,0,0,0,2,0,2389,124,0,10,0,276,4,0,0,346,67,0,0,11,0,0,0,0,28,0,0,103,7,0,0,3,2,3,0,0,0,22,15,0,0,12,150,6,5,6,3,0,0,0,27,13,0,0,0,0,0,0,0,0,0,0,2,0,13,430,13,0,0,0,0,3,0,13,0,0,0,2,2,0,28,3,0,57,33,0,0,10,7,623,0,1418,762,7490,0,0,39,0,0,12,0,9,2,0,147,15,0
"2014/6/10",0,0,0,0,74,0,10,0,0,87,0,0,0,0,0,3,37,217,564,5,153,0,3,138,164,0,0,5,0,0,4274,226,0,22,0,466,8,0,0,728,139,0,0,18,0,0,0,0,30,0,0,137,0,2,2,6,20,4,0,0,0,73,20,2,0,45,248,9,11,8,0,2,0,10,50,23,0,0,0,0,0,0,0,0,0,0,0,0,32,801,13,0,0,0,2,7,0,28,0,2,2,3,9,0,74,0,0,122,93,0,0,9,4,1241,0,2369,1480,13344,0,0,115,0,0,16,0,14,0,2,220,42,0
"2014/6/11",7,0,0,0,47,0,10,0,0,79,0,0,0,0,0,5,43,153,421,4,137,0,7,98,112,0,0,5,9,0,3480,230,0,7,0,362,10,3,0,469,94,0,0,23,0,0,0,0,47,0,0,135,0,0,5,4,27,6,0,0,0,36,22,6,0,32,222,11,6,2,7,4,0,5,58,13,0,0,0,0,0,0,0,0,0,0,0,0,20,834,22,2,0,0,0,0,0,16,2,0,0,0,2,5,29,0,0,85,70,0,0,9,5,1032,0,2060,1148,10380,0,0,82,0,0,14,0,7,0,0,196,35,0
"2014/6/12",0,0,0,2,63,0,12,0,0,76,0,0,0,0,0,2,40,205,363,0,94,0,2,103,127,0,0,3,0,0,3037,219,0,14,0,340,5,0,0,482,73,0,0,12,0,2,0,0,56,0,0,138,2,0,5,8,22,4,0,0,0,40,27,2,0,23,176,5,2,0,2,2,0,2,76,26,0,0,0,0,0,0,0,0,0,0,4,0,26,765,9,0,0,0,0,4,0,33,0,2,6,0,5,0,39,0,0,91,84,0,0,9,5,940,0,1986,1211,9504,0,2,96,0,0,13,0,7,4,0,198,41,0
"2014/6/13",0,0,0,0,29,0,12,0,0,62,0,0,0,0,2,4,34,119,341,3,118,0,2,86,84,0,0,3,9,0,2294,171,0,17,0,273,5,0,0,396,57,0,0,13,0,0,0,0,49,0,0,102,0,0,0,3,11,2,0,0,0,33,7,0,0,20,130,3,2,6,0,8,0,3,45,21,0,0,0,0,0,0,0,2,0,0,0,0,19,555,9,0,0,0,0,2,0,15,0,0,2,0,0,0,29,0,0,76,67,0,0,14,3,651,0,1565,847,7030,0,0,93,0,0,11,0,2,0,0,125,26,0
"2014/6/16",0,0,0,0,63,0,6,0,0,109,0,0,0,0,0,0,61,350,555,2,188,0,7,85,148,0,0,2,8,0,3991,250,0,24,0,416,11,0,0,623,111,0,0,26,0,3,0,0,44,0,0,145,3,0,3,12,21,0,0,0,0,53,13,0,0,31,268,7,6,7,11,8,0,13,83,50,0,0,0,2,0,0,0,0,0,0,0,0,20,927,19,0,0,0,0,4,0,26,0,0,7,0,2,3,59,3,0,166,100,0,0,10,14,1070,0,2756,1566,12848,0,0,126,0,0,15,0,5,0,0,226,44,0
"2014/6/17",0,0,0,0,55,0,13,0,0,106,0,0,0,0,2,7,54,256,497,2,126,0,0,95,121,0,0,3,5,0,4360,256,0,11,0,398,7,0,0,507,64,0,0,24,0,0,0,0,57,0,2,60,0,0,0,6,11,8,0,0,0,56,27,0,0,29,197,8,2,6,4,11,0,7,43,35,0,0,0,0,0,0,0,0,0,0,2,0,16,708,9,0,0,0,0,2,0,12,0,0,0,0,6,7,49,0,0,129,67,0,0,8,6,760,0,2487,1285,12962,0,3,130,0,0,3,0,6,0,0,199,29,0
"2014/6/18",4,0,0,0,66,0,18,0,0,158,0,0,0,0,0,6,51,290,479,5,199,0,8,132,178,0,0,7,0,0,4435,350,0,10,0,488,2,0,0,715,102,0,0,30,0,0,0,0,63,0,0,107,0,0,0,10,16,5,0,0,0,57,22,2,0,31,281,6,2,6,2,8,0,22,77,46,0,0,0,0,0,0,0,0,0,0,0,0,34,838,17,0,0,0,0,2,0,58,6,4,0,0,3,0,39,3,0,203,102,0,0,12,7,1302,0,2770,1432,13796,0,0,178,0,0,17,0,13,0,2,232,44,0
"2014/6/19",0,0,0,0,77,0,13,0,0,129,0,0,0,0,0,6,32,292,581,2,165,0,9,127,168,0,0,7,4,0,4314,346,0,15,0,461,8,0,0,758,101,0,0,29,0,0,0,0,71,0,0,105,0,0,3,11,21,3,0,0,0,47,18,6,0,38,224,5,7,7,8,12,0,12,62,60,0,0,0,0,0,0,0,0,0,0,2,0,29,971,18,0,2,0,0,0,0,31,0,0,4,2,2,5,35,0,0,158,100,2,0,13,10,1193,0,2849,1331,13245,0,0,162,0,0,9,0,14,0,0,235,65,0
"2014/6/20",0,0,0,0,51,0,6,0,0,119,0,0,0,0,0,0,24,258,433,3,150,0,4,77,113,0,0,3,2,0,3651,233,0,18,0,382,5,0,0,562,75,0,0,28,0,0,0,0,47,0,0,56,0,0,0,4,9,8,0,0,0,63,21,3,0,25,205,6,3,2,0,4,0,4,49,47,0,0,0,0,0,0,0,0,0,0,0,0,20,913,14,0,0,0,0,2,0,33,0,0,2,2,2,5,16,0,0,132,61,0,0,7,6,902,0,2252,1010,12651,0,0,146,0,0,10,0,10,0,0,176,48,0
"2014/6/23",2,0,0,0,60,0,14,0,0,206,0,0,0,0,0,0,41,235,426,2,145,0,3,73,133,0,0,7,10,0,4195,232,0,10,0,411,13,0,0,732,111,0,0,26,0,0,0,0,57,0,0,81,0,0,2,2,8,0,0,0,0,60,13,2,0,41,260,10,8,2,5,4,0,9,43,62,0,0,0,0,0,0,0,0,0,0,0,0,14,845,14,0,0,0,0,0,0,40,0,2,2,3,3,5,36,0,0,142,61,0,0,14,11,1229,4,2344,1223,13626,0,0,142,0,0,14,0,17,2,2,188,40,0
"2014/6/24",0,0,0,2,55,0,11,0,0,105,0,0,0,0,0,7,11,167,333,4,126,0,0,66,125,0,0,10,2,0,3078,230,0,6,0,339,4,0,0,564,84,0,0,14,0,0,0,0,44,0,0,113,0,0,0,4,3,3,0,0,0,73,23,3,0,32,216,10,8,2,7,6,0,2,50,36,0,0,0,0,0,0,0,0,0,0,0,0,20,624,16,0,0,0,0,2,0,61,0,0,3,0,5,3,21,0,0,130,64,0,0,10,8,752,0,1903,953,7815,0,0,124,0,0,8,0,4,2,0,196,19,0
"2014/6/25",0,0,0,0,86,0,10,0,0,272,0,0,0,0,3,8,35,312,402,9,102,0,13,103,193,0,0,3,17,0,6563,470,0,20,0,676,8,0,0,844,87,0,0,32,0,0,0,0,66,0,0,170,10,0,2,3,17,3,0,0,0,116,50,10,0,28,218,13,5,8,4,5,0,18,52,70,0,0,0,0,0,0,0,0,0,0,0,0,16,1197,20,0,0,0,0,5,0,62,2,0,5,2,3,0,42,0,0,258,97,0,0,18,7,949,0,2821,1841,15499,0,0,249,0,0,19,0,17,0,0,320,30,0
"2014/6/26",0,0,0,0,99,0,17,0,3,173,0,0,0,0,0,9,32,219,323,0,110,0,6,85,194,0,0,2,9,0,5985,392,0,15,0,543,15,0,0,748,88,0,0,33,0,0,0,0,31,0,0,168,0,0,3,11,17,0,0,0,0,147,40,12,0,45,238,7,6,9,0,10,0,4,42,84,0,0,0,2,0,0,0,0,0,0,0,0,20,1048,26,0,0,0,0,4,0,68,2,5,4,0,4,0,49,0,0,198,80,0,0,18,11,987,0,2292,1714,14304,0,0,240,0,0,22,0,7,0,0,367,23,0
"2014/6/27",0,0,0,0,51,0,14,0,0,116,0,0,0,0,0,3,17,152,285,3,96,0,2,72,198,0,0,9,4,0,4953,321,0,22,0,500,17,0,0,543,75,0,0,26,0,0,0,0,45,0,0,171,2,0,0,7,23,0,0,0,0,78,38,9,0,32,216,7,2,6,3,2,0,2,48,44,0,0,0,0,0,0,0,2,0,0,0,0,11,998,17,0,0,0,0,0,0,68,0,0,0,2,0,4,30,0,0,146,64,0,0,6,9,822,0,2094,1324,11649,0,0,173,0,0,9,0,7,0,0,271,17,0
"2014/6/30",0,0,0,0,58,0,5,0,0,42,0,0,0,0,0,0,12,158,224,3,72,0,3,49,118,0,0,3,5,0,3083,229,0,10,0,389,5,0,0,442,48,0,0,18,0,0,0,0,41,0,0,94,0,0,0,3,15,2,0,0,0,46,18,2,0,20,131,4,2,4,5,7,0,4,21,32,0,0,0,0,0,0,0,0,0,0,0,0,6,586,8,0,0,0,0,4,0,29,0,2,2,0,0,0,20,0,0,101,44,4,0,3,0,596,0,1406,928,7789,0,0,99,0,0,12,0,2,0,0,203,11,0
"2014/7/2",0,0,0,0,65,0,16,0,0,59,0,0,0,0,0,5,25,201,349,2,105,0,5,74,168,0,0,0,9,0,4213,283,0,19,0,461,21,0,0,662,70,0,0,32,0,2,0,0,81,0,0,163,8,0,0,4,26,2,0,0,0,52,34,2,0,28,257,16,7,4,4,7,0,13,43,63,0,0,0,0,0,0,0,0,0,0,3,0,14,771,20,0,0,0,0,0,0,39,2,6,0,0,2,0,35,0,0,159,72,0,0,5,4,826,0,2072,1412,11064,0,0,129,0,0,5,0,12,0,0,327,26,0
"2014/7/3",2,0,0,0,49,0,5,0,0,54,0,0,0,0,0,3,28,181,388,4,131,0,5,81,161,0,0,13,10,0,3734,248,0,15,0,388,18,0,0,673,99,0,0,14,0,0,0,0,52,0,0,146,0,6,5,6,41,0,0,0,0,68,24,4,0,47,244,8,20,10,4,8,0,8,38,84,0,0,0,0,0,0,0,0,0,0,5,0,17,745,23,0,0,0,0,4,0,33,3,0,3,0,2,5,30,0,0,170,68,0,0,10,7,916,0,1989,1400,10295,0,0,143,0,0,4,0,5,0,0,312,23,0
"2014/7/4",0,0,0,0,26,0,16,0,0,54,0,0,0,0,0,3,36,239,486,5,104,0,3,69,171,0,0,8,2,0,4013,282,0,13,0,335,24,0,0,553,78,0,0,34,0,0,0,0,54,0,0,127,0,2,3,5,72,0,0,0,0,77,26,0,0,40,225,9,5,2,8,12,0,8,32,75,0,0,0,0,0,0,0,0,0,0,10,0,9,779,27,0,0,0,0,2,0,31,0,2,2,0,0,0,22,0,0,146,57,0,0,6,4,735,0,2380,1451,10781,0,0,147,0,0,0,0,8,0,2,248,12,0
"2014/7/7",4,0,0,0,70,0,26,0,0,91,0,0,0,0,0,12,55,400,836,5,229,0,5,140,325,0,0,12,28,0,6274,541,0,25,0,729,41,0,0,1005,175,0,0,69,0,0,0,0,85,0,2,216,3,3,2,9,98,2,0,0,0,116,53,17,0,67,409,11,14,7,12,14,0,15,65,164,0,0,0,3,0,0,0,0,0,0,9,0,20,1235,38,0,0,0,0,0,0,66,0,0,8,0,7,2,58,0,0,332,149,0,0,9,3,1408,0,4118,2433,16759,0,0,328,0,0,12,0,13,2,0,545,41,0
"2014/7/8",0,0,0,0,48,0,12,0,0,77,0,0,0,0,0,11,33,306,689,4,130,0,2,98,238,0,0,6,14,0,5111,316,2,11,0,493,31,0,0,785,113,0,0,83,0,2,0,0,87,0,0,176,2,6,6,4,54,0,0,0,0,82,29,13,0,44,258,11,6,18,6,10,0,8,59,137,0,0,0,0,0,0,0,0,0,0,2,0,10,967,23,0,0,0,0,0,0,33,0,0,0,0,3,3,38,0,0,213,84,0,0,13,12,910,0,3005,1865,12367,0,0,265,0,0,4,0,12,0,0,313,14,0
"2014/7/9",5,0,0,0,49,2,13,0,0,79,0,0,0,0,0,5,56,271,674,0,113,0,8,100,129,0,0,8,12,0,5382,340,0,15,0,456,25,2,0,605,71,0,0,76,0,0,0,0,76,0,0,131,4,4,7,5,38,0,0,0,0,87,45,5,0,61,220,6,8,6,4,6,0,3,53,127,0,0,0,0,0,0,0,0,0,0,3,0,14,1164,32,0,0,0,0,0,0,48,0,8,8,0,3,3,40,0,0,189,62,0,0,8,3,807,0,2962,1974,14743,0,0,184,0,0,14,0,4,0,0,257,27,0
"2014/7/10",0,0,0,0,31,0,12,0,0,75,0,0,0,0,0,2,29,313,774,3,145,0,4,86,202,0,0,12,15,0,5915,345,0,17,0,537,34,0,0,831,109,0,0,55,0,2,0,0,79,0,0,143,0,8,6,5,88,0,0,0,0,86,36,9,0,61,312,12,6,3,10,9,0,6,53,129,0,0,0,2,0,0,0,0,0,0,0,0,15,1233,20,0,0,0,0,2,0,35,2,8,15,0,6,0,43,0,0,156,80,0,0,13,0,1081,0,3231,1931,15199,0,0,194,0,0,7,0,7,0,4,311,23,0
"2014/7/11",2,0,0,0,48,0,15,0,0,84,0,0,2,0,0,6,33,182,508,5,126,0,7,101,202,0,0,12,18,0,4927,360,0,19,0,526,25,3,0,590,60,0,0,50,0,3,0,0,58,0,0,205,5,10,2,1,125,0,0,0,0,112,37,7,0,48,191,8,4,5,7,10,0,5,51,86,0,0,0,0,0,0,0,2,0,0,2,0,27,873,20,0,0,0,0,0,0,95,0,5,0,0,0,0,42,0,0,160,72,0,0,10,1,772,0,2749,1847,11406,0,0,157,0,0,11,0,13,0,0,260,16,0
"2014/7/14",0,0,0,0,94,0,38,0,0,222,0,0,0,0,2,18,83,511,1346,8,304,0,22,213,420,0,0,15,44,0,12090,851,2,45,0,1191,65,0,0,1217,177,0,0,156,0,6,0,0,181,0,3,448,22,22,3,12,261,0,0,0,0,224,118,14,0,113,580,19,23,27,13,21,0,13,171,237,0,0,0,2,0,0,0,0,0,0,8,0,25,2285,34,0,4,0,0,6,0,207,3,16,21,0,8,11,94,0,0,386,168,5,0,28,14,2072,0,6769,4318,30730,0,0,316,0,0,20,0,21,0,3,618,70,0
"2014/7/15",2,0,0,0,137,0,39,0,0,288,0,0,2,0,0,37,86,592,1757,11,338,0,9,292,569,0,0,27,53,0,13267,961,0,54,0,1464,69,6,0,1401,228,0,0,156,0,0,2,0,174,0,0,562,25,38,9,9,283,5,0,0,0,315,125,0,0,159,870,42,38,32,15,22,0,27,257,327,0,0,0,2,0,0,0,4,0,0,2,0,39,2276,55,0,0,0,0,12,0,243,4,16,62,0,10,9,97,2,0,490,251,6,0,30,12,2595,0,8567,5419,37397,0,0,539,0,0,32,0,28,0,16,1013,101,0
"2014/7/16",0,0,0,0,88,0,34,0,2,186,0,0,0,0,2,7,59,345,1119,8,215,0,6,181,358,0,0,16,24,0,8614,581,2,31,0,1034,40,0,0,975,168,0,0,50,3,0,0,0,111,0,0,329,11,22,5,5,375,0,0,0,0,173,100,8,0,86,521,31,23,20,7,19,0,9,130,176,0,0,0,5,0,0,0,0,0,0,2,2,16,1399,31,0,0,0,0,8,0,137,0,0,46,0,8,8,47,0,0,243,118,0,0,11,11,1754,2,5366,3007,21712,0,0,321,0,2,26,0,19,0,4,617,63,0
"2014/7/17",0,0,0,0,85,4,11,0,0,180,0,0,2,0,0,8,29,271,810,8,175,0,10,95,223,0,0,7,16,0,5923,445,0,25,0,785,47,3,0,628,101,0,0,52,0,0,0,0,99,0,0,266,4,27,4,3,366,0,0,0,0,115,52,0,0,60,428,16,20,6,0,7,0,10,106,112,0,0,0,0,0,0,0,2,0,0,3,0,11,986,33,0,2,0,0,2,0,86,0,3,40,0,8,2,38,0,0,177,86,0,0,7,10,1171,0,4102,2317,16397,0,0,185,0,0,6,0,9,0,4,465,44,0
"2014/7/18",3,0,0,0,126,0,20,0,0,142,0,0,0,0,0,16,35,255,751,6,140,0,8,108,289,0,0,7,18,0,5310,395,0,25,0,818,26,10,0,793,111,0,0,35,0,0,0,0,106,0,0,239,10,16,4,7,500,2,0,0,0,107,78,3,0,86,366,13,6,4,9,2,0,14,67,138,0,0,0,2,0,0,0,0,0,0,0,0,17,804,34,0,2,0,0,2,0,100,2,2,12,2,2,4,46,2,0,207,74,0,0,13,8,993,0,3535,2112,14731,0,0,186,0,0,18,0,14,0,2,456,46,0
"2014/7/21",0,0,0,0,174,2,26,0,2,224,0,0,4,0,0,9,48,346,907,5,192,0,8,137,281,0,0,7,38,0,7738,531,0,26,0,953,46,3,0,1025,179,0,0,59,0,4,0,0,94,0,0,256,4,23,4,3,564,0,0,0,0,150,112,7,0,82,445,15,21,6,14,13,0,13,148,227,0,0,0,0,0,0,0,0,0,0,2,0,23,1402,33,0,0,0,0,11,2,98,4,12,24,0,7,7,41,0,0,307,121,0,0,13,5,1193,0,5054,2978,22437,0,0,282,0,2,19,0,18,2,6,489,75,0
"2014/7/22",0,0,0,0,181,0,30,0,2,315,0,0,0,0,0,7,71,369,719,12,154,0,18,138,305,0,2,13,21,0,9797,741,2,40,0,1141,96,4,0,918,111,0,0,38,0,2,0,0,115,0,0,230,17,9,13,3,1220,0,0,0,0,121,117,5,0,62,401,19,6,4,6,23,0,11,87,190,0,0,0,0,0,0,0,6,0,0,0,0,22,1419,38,0,2,0,0,7,0,54,2,5,34,0,4,4,27,0,0,259,107,2,0,10,5,1005,0,5059,3392,23737,0,0,426,0,0,20,0,9,0,0,404,50,0
"2014/7/23",0,0,0,0,159,0,13,0,0,243,0,0,0,0,0,9,32,290,567,11,154,0,6,135,339,0,0,9,23,0,8473,522,0,35,0,1103,78,12,0,946,151,0,0,38,0,0,0,0,100,0,0,259,4,7,4,6,1138,2,0,0,0,81,99,4,0,34,356,20,8,0,5,9,0,11,92,199,0,0,0,2,0,0,0,0,0,0,5,0,26,1265,33,0,2,0,2,2,0,56,0,3,12,0,8,5,28,0,0,256,127,0,0,9,7,1070,0,4310,2590,19171,0,0,368,0,0,19,0,12,2,0,449,71,0
"2014/7/24",7,0,0,0,193,0,16,0,2,267,0,0,0,0,0,7,25,359,644,0,166,0,4,165,397,0,0,15,25,0,9887,663,0,40,0,1364,109,0,0,1324,158,0,0,23,0,0,0,0,136,0,0,259,8,9,8,9,1391,2,0,0,0,107,149,8,0,59,401,16,6,12,10,10,0,13,112,196,0,0,0,2,0,0,0,2,0,0,5,0,21,1833,58,0,3,0,0,4,0,59,3,7,10,0,7,4,35,2,0,301,168,0,0,17,3,1251,3,5028,3055,22072,0,0,445,0,0,28,0,14,3,0,475,64,0
"2014/7/25",4,0,0,0,222,0,26,0,0,339,0,0,2,0,0,7,60,335,729,5,202,0,8,125,366,0,0,11,32,0,11576,710,0,34,0,1573,90,4,0,1237,175,0,0,50,0,0,0,0,139,0,0,237,5,13,6,12,2063,0,0,0,0,121,167,7,0,63,455,15,16,12,8,11,0,13,115,223,0,0,0,0,0,0,0,2,0,0,3,0,32,1923,71,0,3,0,2,12,0,52,0,2,19,0,7,2,49,0,0,270,154,0,0,25,6,1285,0,5398,3557,26092,0,0,452,0,0,24,0,9,0,2,498,67,0
"2014/7/28",2,0,0,0,203,0,21,0,0,328,0,0,0,0,0,15,61,325,659,2,181,0,13,172,367,0,0,21,30,0,11519,783,2,31,0,1466,89,2,0,1515,204,0,0,55,0,0,0,0,123,0,0,234,0,7,10,8,2218,6,0,0,0,116,176,6,0,61,489,21,23,20,18,16,0,18,136,306,0,0,0,2,0,0,0,3,0,0,6,0,20,1881,70,0,0,0,0,7,0,67,0,4,24,0,12,2,36,2,0,344,236,0,0,30,3,1328,0,5240,3451,25465,0,0,433,0,0,27,0,10,0,0,518,102,0
"2014/7/29",2,0,0,0,153,2,10,0,0,159,0,0,2,0,0,6,19,181,292,0,97,0,0,79,180,0,0,12,15,0,5594,371,0,22,0,723,39,0,0,748,65,0,0,13,2,0,0,0,67,0,0,209,2,13,0,4,1164,0,0,0,0,91,99,6,0,32,239,12,13,18,4,2,0,8,71,164,0,0,0,2,0,0,0,2,0,0,0,0,8,909,52,0,0,0,0,6,2,37,0,0,12,4,6,3,18,0,0,138,126,0,0,21,4,737,0,2550,1730,10336,0,0,205,0,0,14,0,7,0,0,304,36,0
"2014/7/30",2,0,0,0,140,0,28,0,0,238,0,0,0,0,0,11,32,321,486,7,148,0,9,116,224,0,0,13,19,0,7982,603,0,27,0,967,45,0,0,1184,159,0,0,43,0,2,0,0,87,0,0,262,5,20,4,7,1772,4,0,0,0,67,123,8,0,50,410,11,11,3,4,10,0,2,79,315,0,0,0,0,0,0,0,0,0,0,8,0,18,1661,63,0,0,0,0,5,0,44,2,4,8,0,7,2,51,0,0,295,156,3,0,18,6,1013,0,4023,2424,17331,0,0,351,0,2,20,0,19,2,3,460,34,0
"2014/7/31",2,0,0,0,122,0,10,0,2,210,0,0,0,0,0,4,49,240,444,2,147,0,3,119,200,0,0,18,27,0,7383,471,0,24,0,825,29,0,0,964,149,0,0,47,0,5,0,0,64,0,0,218,11,15,7,6,1453,3,0,0,0,83,145,0,0,42,369,27,12,13,6,9,0,9,66,309,0,0,0,0,0,0,0,0,0,0,6,0,12,1243,56,0,0,0,0,3,0,48,0,0,7,2,7,3,42,0,0,216,182,5,0,36,4,937,0,3123,2304,15336,0,0,279,0,0,19,2,14,2,2,452,54,0
"2014/8/1",0,0,0,0,109,0,23,0,0,305,0,0,0,0,0,9,50,211,219,0,87,0,7,138,306,0,0,14,27,0,9219,601,0,27,0,1082,31,0,0,855,75,0,0,24,0,0,0,0,72,0,0,301,3,17,3,6,2209,4,0,0,0,76,179,2,0,31,228,13,2,15,18,15,0,11,60,326,0,0,0,2,0,0,0,2,0,0,5,0,8,1636,63,0,0,0,0,8,0,50,0,0,2,0,5,6,57,0,0,196,178,0,0,44,7,673,0,2867,2474,15747,0,0,291,0,0,18,0,9,0,2,293,30,0
"2014/8/4",4,0,0,0,94,0,18,0,2,247,0,0,0,0,0,6,47,203,315,0,113,0,3,105,205,0,0,6,23,0,7129,483,0,24,0,916,30,0,0,862,144,0,0,29,0,0,0,0,85,0,0,275,5,6,3,0,2040,2,0,0,0,76,110,8,0,27,279,18,11,5,8,12,0,13,63,283,0,0,0,0,0,0,0,3,0,0,6,0,10,1498,38,0,0,0,0,0,0,28,0,0,0,0,5,0,44,0,0,131,162,0,0,20,4,759,0,2865,1769,14805,0,0,225,0,0,8,0,4,0,1,283,31,0
"2014/8/5",0,0,0,0,91,0,11,0,0,120,0,0,0,0,0,2,14,134,203,0,73,0,4,65,164,0,0,7,19,0,4729,326,0,16,0,591,24,4,0,618,98,0,0,16,0,0,0,0,86,0,0,164,5,15,0,7,1525,3,0,0,0,71,84,2,0,15,208,20,4,2,0,5,0,0,16,275,0,0,0,0,0,0,0,3,0,0,6,0,5,1067,31,0,3,0,0,12,0,27,0,4,7,0,2,3,28,0,0,94,79,0,0,14,0,498,0,1938,1073,9542,0,0,186,0,0,8,0,3,0,0,203,14,0
"2014/8/6",0,0,0,0,129,0,13,0,0,138,0,0,0,0,0,3,44,276,616,5,276,0,4,96,274,0,0,9,27,0,7208,468,0,13,0,700,58,2,0,1356,304,0,0,24,0,0,0,0,87,0,0,180,3,21,3,7,1667,5,0,0,0,95,122,0,0,48,440,28,19,6,6,7,0,4,52,409,0,0,0,0,0,0,0,4,0,0,3,0,23,1910,57,0,0,0,0,7,2,48,0,0,0,0,3,4,35,2,0,141,139,0,0,22,3,1405,0,3639,1647,16894,0,0,264,0,0,13,0,11,0,2,360,50,0
"2014/8/7",0,0,0,0,125,0,20,0,0,151,0,0,0,0,0,3,31,187,345,2,100,0,3,104,202,0,0,16,16,0,8910,614,2,28,0,932,49,0,0,915,149,0,0,18,0,6,0,0,86,0,0,163,0,32,8,6,1784,2,0,0,0,129,119,0,0,41,369,24,11,12,10,9,0,8,42,386,0,0,0,0,0,0,0,4,0,0,0,0,8,1625,54,0,0,0,0,3,0,32,2,5,7,0,7,4,25,0,0,138,122,0,0,9,6,864,0,2982,1680,16124,0,0,256,0,0,22,0,16,3,4,225,17,0
"2014/8/8",2,0,3,0,183,7,13,0,0,130,0,0,0,0,0,11,34,210,364,5,166,0,3,104,188,0,0,13,21,0,8604,584,0,29,0,838,28,0,0,1243,199,0,0,16,0,0,0,0,113,0,0,176,7,25,8,5,1461,3,0,0,0,148,110,0,0,66,419,14,23,11,11,10,0,10,45,354,0,0,0,0,0,0,0,5,0,0,3,0,17,1659,52,0,2,0,0,7,2,45,0,0,7,3,2,2,41,0,0,170,139,0,0,16,6,1056,0,3466,1503,15162,0,0,292,0,2,25,0,29,6,3,374,20,0
"2014/8/11",5,0,0,0,187,2,20,0,0,138,0,0,0,0,0,10,31,216,485,7,155,0,0,100,183,0,0,10,16,0,9443,538,0,25,0,747,24,0,0,1087,196,0,0,32,0,0,0,0,92,0,0,159,2,23,7,7,1512,3,0,0,0,157,93,0,0,64,448,14,12,24,11,7,0,16,41,454,0,0,0,0,0,0,0,2,0,0,8,0,21,1881,55,0,0,0,0,8,0,59,0,9,4,0,9,4,22,0,0,120,138,6,0,4,5,994,0,3710,1517,16876,0,2,299,0,0,26,0,17,8,3,346,31,0
"2014/8/12",5,2,0,0,258,8,37,0,2,115,0,0,0,0,0,14,52,363,683,5,251,0,2,126,147,0,0,18,19,0,10549,736,0,24,0,852,56,0,0,1244,254,0,0,59,2,2,0,0,192,0,0,161,12,11,13,6,1678,3,0,0,0,65,82,6,0,31,466,15,8,10,15,12,0,9,39,572,0,0,0,2,0,0,0,2,0,0,3,0,18,1949,44,0,0,0,0,2,0,57,2,7,10,3,2,0,44,6,0,183,169,10,0,6,5,984,0,4460,1914,19513,0,2,167,0,2,53,0,29,4,3,345,17,0
"2014/8/13",2,0,0,0,252,7,17,0,2,108,0,0,0,0,0,12,49,295,523,4,221,0,4,108,152,0,0,14,15,0,10348,670,0,25,0,804,33,5,0,1502,272,0,0,27,0,4,0,0,155,0,0,169,4,12,13,5,1619,2,0,0,0,63,115,0,0,57,410,7,18,11,12,12,0,12,37,613,0,0,0,4,0,0,0,6,0,0,6,0,12,1549,50,0,0,0,0,4,0,74,0,9,9,0,7,3,35,3,0,198,146,4,0,20,3,1230,0,4069,1794,16997,0,0,147,0,4,40,0,16,0,6,326,33,0
"2014/8/14",2,2,0,0,265,2,17,0,0,122,0,0,0,0,0,17,41,225,501,5,237,0,9,90,186,0,0,19,20,0,7305,615,0,28,0,695,44,0,0,1110,176,0,0,36,0,2,0,0,204,0,3,245,5,0,7,3,1105,7,0,0,0,130,94,0,0,44,384,12,14,14,8,4,0,0,35,321,0,0,0,0,0,0,0,7,0,0,7,0,27,1298,53,0,3,0,2,0,0,80,0,2,3,0,0,3,39,0,0,186,147,6,0,16,5,847,0,3529,1744,12794,0,0,116,0,0,28,0,4,0,4,278,20,0
"2014/8/15",0,0,2,0,484,19,30,0,3,119,0,0,2,0,2,21,109,491,838,11,367,0,13,110,274,0,0,16,35,0,11596,801,18,33,0,1451,52,32,0,2937,231,0,0,53,4,5,0,0,267,0,0,217,0,35,19,10,113,12,0,0,0,220,57,4,0,101,597,28,30,8,12,22,4,31,110,258,0,0,0,0,0,0,0,9,0,0,0,0,77,1975,125,0,0,2,5,7,0,105,2,7,29,10,23,9,49,6,0,297,186,40,0,20,4,1089,4,7750,2330,25325,0,0,546,0,0,47,0,31,0,11,513,24,0
"2014/8/18",2,0,0,0,395,0,38,0,0,181,0,0,0,0,0,28,58,501,918,15,490,0,10,155,341,0,0,23,51,0,14154,973,4,48,0,1245,91,0,0,1965,405,0,0,55,2,6,0,0,223,0,0,406,11,13,22,5,1609,15,0,0,0,180,100,5,0,63,590,30,17,18,22,26,0,13,111,828,0,0,0,5,0,0,0,9,0,0,5,0,34,2376,66,0,0,2,5,4,0,74,0,14,19,2,7,15,76,9,0,367,265,8,0,24,5,1510,0,5983,3541,23842,0,0,167,0,2,46,0,12,3,0,538,36,0
"2014/8/19",0,0,0,0,280,5,34,0,3,198,0,0,0,0,0,29,75,299,730,8,418,0,8,156,205,0,0,17,26,0,11418,808,2,28,0,1048,39,3,0,1533,356,0,0,41,2,2,0,0,259,0,0,270,10,21,18,5,1216,3,0,0,0,123,106,9,0,68,535,20,22,20,34,19,0,12,48,512,0,0,0,2,0,0,0,10,0,0,5,0,25,1850,58,0,0,0,2,5,0,53,2,2,5,0,9,8,77,9,0,279,203,18,0,25,1,1257,0,4947,2960,18626,0,0,182,0,0,44,0,6,2,4,393,28,0
"2014/8/20",3,0,0,0,235,7,37,0,0,168,0,0,0,0,0,14,53,205,579,6,292,0,6,92,121,0,0,11,17,0,8730,629,3,41,0,871,55,0,0,1078,206,0,0,29,0,2,0,0,224,0,0,242,6,21,8,3,1085,5,0,0,0,99,71,0,0,39,352,15,6,8,20,15,0,4,43,313,0,0,0,0,0,0,0,11,0,0,0,0,17,1467,27,0,0,3,0,4,0,22,0,2,2,2,3,2,62,4,0,220,154,4,0,10,4,1031,0,3635,2316,14883,0,0,171,0,2,19,0,8,0,0,275,18,0
"2014/8/21",0,0,0,0,151,2,25,0,0,160,0,0,0,0,0,17,35,197,487,0,277,0,0,78,115,0,0,9,17,0,6325,633,5,25,0,658,36,0,0,982,153,0,0,26,0,2,0,0,158,0,0,180,2,22,5,7,887,2,0,0,0,94,60,4,0,35,354,14,6,6,6,23,0,9,26,245,0,0,0,0,0,0,0,0,0,0,5,0,26,1049,38,0,0,0,2,0,0,26,0,4,11,4,5,2,71,13,0,168,130,9,0,19,2,718,0,3215,1930,12058,0,0,206,0,0,34,0,4,3,4,220,24,0
"2014/8/22",7,2,0,2,220,3,20,0,0,202,0,0,0,0,2,18,62,280,639,6,405,0,2,121,196,0,0,9,28,0,7759,654,3,29,0,894,47,2,0,1456,257,0,0,36,0,5,0,0,218,0,0,220,9,31,11,4,661,3,0,0,0,98,50,9,0,52,388,23,10,13,25,32,0,15,46,381,0,0,0,0,0,0,0,11,0,0,4,0,25,1461,53,0,0,2,2,0,0,31,5,9,4,0,7,6,90,11,0,268,175,11,0,22,8,1179,3,4277,2590,17264,0,0,277,0,5,38,0,10,0,0,297,35,0
"2014/8/25",2,0,0,0,289,4,24,0,0,249,0,0,0,0,0,18,89,340,857,15,356,0,10,117,161,0,0,20,26,0,9481,781,0,24,0,903,67,2,0,1558,238,0,0,38,0,11,0,0,255,0,0,196,3,28,15,12,807,2,0,0,0,94,61,6,0,61,459,22,9,10,25,23,0,13,52,345,0,0,0,0,0,0,0,6,0,0,2,0,31,1315,54,0,4,7,2,7,0,53,3,2,14,0,8,3,93,10,0,238,208,11,0,24,2,1396,0,4774,2845,19289,0,0,376,0,0,47,0,7,5,2,374,52,0
"2014/8/26",2,2,0,0,223,6,34,0,4,230,0,0,0,0,0,20,79,259,499,12,261,0,6,122,229,0,0,22,16,0,7897,838,4,30,0,1005,49,9,0,1683,301,0,0,32,2,2,0,0,292,0,0,282,8,25,20,5,613,0,0,0,0,61,61,4,0,58,503,25,15,8,16,21,2,24,79,321,0,0,0,0,0,0,0,6,0,0,4,0,42,1412,40,0,2,3,2,5,0,49,4,8,3,0,7,3,63,6,0,264,143,9,0,63,0,1455,0,4642,2363,18341,0,0,356,0,2,47,0,6,2,0,384,58,0
"2014/8/27",4,8,0,0,216,12,53,0,0,289,0,0,0,0,0,28,111,435,731,13,472,0,6,161,251,0,0,22,24,0,11029,1140,11,56,0,1452,113,18,0,2582,458,0,0,45,0,6,0,0,418,0,0,404,7,30,27,12,817,3,0,0,0,131,110,0,0,108,735,36,16,19,38,51,0,25,113,436,0,0,0,2,0,0,0,14,0,0,8,0,63,1960,83,0,0,3,6,0,0,39,4,4,9,2,5,5,57,5,0,331,275,41,0,58,3,2053,0,7039,3537,24682,0,0,425,0,4,62,0,27,0,5,572,60,0
"2014/8/28",3,0,0,0,233,24,30,2,0,224,0,0,0,0,0,17,69,309,638,5,348,0,0,131,177,0,0,9,15,0,10603,884,10,29,0,1284,101,8,0,1971,346,0,0,18,2,3,0,0,432,0,0,229,18,19,28,11,802,0,0,0,0,121,69,0,0,56,618,26,12,11,20,20,0,30,87,305,0,0,0,0,0,0,0,5,0,0,5,0,38,1860,55,0,0,2,2,2,0,39,7,15,7,0,0,3,47,3,3,234,206,17,0,55,0,1624,0,5338,2482,25345,0,0,256,0,0,44,0,34,1,4,380,52,0
"2014/8/29",4,5,2,0,178,14,29,2,0,175,0,0,0,0,0,11,48,223,457,8,210,0,0,102,169,0,0,8,21,0,8927,711,10,31,0,1010,59,11,0,1706,316,0,0,24,0,0,0,0,291,0,0,227,9,14,14,11,528,0,0,0,0,61,42,7,0,87,420,15,19,15,13,24,0,16,70,275,0,0,0,0,0,0,0,2,0,0,0,0,28,1374,49,0,0,7,2,0,0,21,6,9,4,2,3,3,44,2,0,195,191,25,0,29,6,1397,0,4450,2180,22363,0,0,225,0,0,36,0,22,2,3,313,41,0
"2014/9/1",0,3,0,0,168,21,16,0,2,114,0,0,0,0,0,6,34,132,224,2,115,0,0,46,88,0,0,11,5,0,4454,411,6,22,0,602,47,13,0,882,109,0,0,3,0,4,0,0,130,0,0,182,17,25,8,3,197,0,0,0,0,98,22,5,0,41,263,8,7,10,8,13,0,14,44,135,0,0,0,0,0,0,0,0,0,0,2,0,22,770,29,0,0,3,2,2,0,36,7,14,0,3,4,2,21,3,0,116,105,13,0,19,3,720,0,2406,1202,9149,0,0,80,0,0,26,0,11,2,2,188,26,0
"2014/9/2",0,2,0,3,238,19,26,0,5,164,0,0,0,0,2,21,89,299,420,10,197,0,6,125,191,0,0,12,32,0,8191,818,10,33,0,1049,88,16,0,1591,205,0,0,17,2,3,0,0,204,0,2,254,13,30,22,11,302,0,0,0,0,107,40,16,0,65,501,26,28,18,18,34,0,18,97,251,0,0,0,0,0,0,0,7,0,0,3,0,30,1456,64,0,2,2,5,2,0,49,7,6,12,4,4,4,51,9,0,230,170,45,0,14,1,1274,3,4565,2241,18880,0,0,230,0,3,44,0,35,6,8,410,43,0
"2014/9/3",2,4,0,0,285,28,18,0,3,182,0,0,0,0,0,20,81,268,341,4,151,0,2,177,183,0,2,28,28,0,6982,582,13,43,0,953,77,20,0,1457,225,0,0,25,0,2,0,0,144,0,0,312,4,38,8,10,263,0,0,0,0,94,54,8,0,169,427,7,15,15,11,25,0,21,91,268,0,0,0,0,0,0,0,11,0,0,5,0,38,1088,62,0,0,4,2,0,0,65,6,2,3,0,0,0,72,9,0,238,188,28,0,7,2,1346,2,3934,1927,18680,0,0,216,0,4,54,0,37,2,5,378,38,0
"2014/9/4",0,0,0,0,154,9,14,0,3,97,0,0,0,0,0,13,47,113,211,3,117,0,0,76,133,0,0,8,16,0,3907,363,5,16,0,551,38,12,0,731,105,0,0,8,0,5,0,0,130,0,0,154,6,27,11,2,160,5,0,0,0,47,28,4,0,26,240,17,17,6,4,15,0,4,67,141,0,0,0,0,0,0,0,2,0,0,0,2,15,640,29,0,0,0,2,2,0,39,11,2,2,0,0,2,13,6,0,93,90,27,0,2,0,802,0,2054,1005,9153,0,0,120,0,0,51,0,13,3,8,218,18,0
"2014/9/5",0,2,0,0,192,12,21,0,0,144,0,0,0,0,0,17,63,193,345,2,160,0,4,114,153,0,0,7,31,0,6069,568,14,23,0,905,67,23,0,1199,169,0,0,19,0,0,0,0,193,0,0,305,20,27,18,6,186,6,0,0,0,93,29,18,0,41,387,19,18,13,25,27,0,7,106,207,0,0,0,0,0,0,0,3,0,0,2,0,28,951,52,0,0,0,0,2,0,39,3,2,11,0,0,3,47,6,0,160,145,25,0,10,5,1206,2,3397,1689,14408,0,0,187,0,0,43,0,34,0,16,360,35,0
"2014/9/8",4,4,0,2,177,16,18,0,0,112,0,0,0,0,0,10,34,201,283,0,115,0,0,80,101,0,0,14,8,0,4742,405,3,24,0,600,32,11,0,1064,145,2,0,14,0,0,0,0,139,2,0,214,5,11,5,7,163,0,0,0,0,54,26,4,0,29,261,16,10,19,15,10,0,13,43,170,0,0,0,0,0,0,0,9,0,0,3,0,14,958,40,0,2,0,2,4,0,35,6,3,10,6,7,4,41,10,0,120,116,29,0,13,0,778,0,2693,1184,12668,0,0,137,0,0,43,0,20,4,18,243,38,0
"2014/9/10",0,0,0,0,205,18,22,0,0,122,0,0,0,0,2,14,52,231,361,5,159,0,0,89,86,0,0,12,13,0,4846,373,9,15,0,595,30,47,0,1401,158,0,0,9,0,2,0,0,100,0,2,199,17,29,10,8,90,3,0,0,0,66,28,3,0,41,277,17,13,9,13,16,0,12,48,150,0,0,0,0,0,0,0,8,0,0,0,0,20,846,42,0,0,2,0,0,0,55,7,0,11,0,0,0,43,7,0,206,119,39,0,6,0,925,0,3066,1450,15740,0,0,188,0,0,78,0,29,2,5,302,32,0
"2014/9/11",2,0,0,0,144,12,16,0,0,85,0,0,0,0,2,9,46,177,306,5,108,0,2,49,78,0,0,15,10,0,4562,270,7,16,0,464,23,41,0,768,99,0,0,19,2,0,0,0,80,0,0,119,2,12,6,4,75,0,0,0,0,33,23,5,0,21,183,6,12,5,7,7,0,3,42,101,0,0,0,0,0,0,0,4,0,0,0,0,11,687,35,0,0,0,0,2,0,34,0,0,0,0,2,0,31,4,0,143,111,33,0,5,0,763,0,2172,1006,13954,0,0,109,0,0,34,0,18,0,6,190,16,0
"2014/9/12",5,5,0,0,243,21,21,0,3,112,0,0,0,0,0,4,52,221,326,5,151,0,0,97,127,0,0,15,20,0,6443,452,4,30,0,636,34,78,0,1514,194,0,0,20,0,0,0,0,147,0,0,193,11,27,15,5,142,2,0,0,0,58,47,7,0,35,327,16,18,2,13,9,0,10,48,156,0,0,0,0,0,0,0,4,0,0,3,0,28,1067,72,0,0,2,3,2,0,56,8,12,8,0,2,3,38,11,0,191,150,35,0,4,0,1350,2,3597,1575,18663,0,0,158,0,0,71,2,22,5,13,315,32,0
"2014/9/15",0,0,0,0,223,22,20,0,0,149,0,0,0,0,0,2,37,214,282,4,151,0,0,53,104,0,0,12,23,0,5937,365,3,15,0,557,46,64,0,1390,158,0,0,16,0,0,0,0,127,0,4,169,3,15,7,3,144,4,0,0,0,63,30,5,0,38,325,12,7,11,13,5,0,11,63,106,0,0,0,0,0,0,0,7,0,0,0,0,17,1104,57,0,0,0,2,0,0,40,3,18,12,5,2,2,37,6,0,162,118,32,0,7,2,870,0,3424,1446,17651,0,0,169,0,3,52,0,16,4,15,293,23,0
"2014/9/16",12,3,0,0,257,24,16,0,0,169,0,0,0,0,0,9,50,213,326,5,163,0,0,113,102,0,0,10,18,0,7554,477,7,14,0,731,29,96,0,1524,189,0,0,10,0,0,0,0,217,3,4,163,7,46,12,4,156,2,0,0,0,71,42,6,0,41,375,10,18,17,8,12,0,16,41,98,0,0,0,3,0,0,0,7,0,0,2,0,28,1643,69,0,0,0,0,2,0,70,4,91,10,0,7,5,47,1,0,166,136,31,0,5,0,1232,0,3916,1770,24124,0,0,182,0,0,51,0,30,5,13,283,32,0
"2014/9/17",28,0,0,0,214,27,10,3,0,167,0,0,2,0,0,0,58,207,284,5,129,0,2,89,90,0,0,16,8,0,6390,337,5,7,0,571,35,64,0,1468,132,0,0,16,0,0,0,0,141,0,2,176,4,66,10,4,123,0,0,0,0,81,38,4,0,54,308,10,10,18,10,13,0,9,39,97,0,0,0,0,0,0,0,9,0,0,0,0,19,1021,67,0,0,2,0,0,0,59,6,95,9,4,2,4,41,4,2,154,86,42,0,2,0,1180,0,3156,1495,19899,0,0,169,0,0,39,0,25,2,19,285,22,0
"2014/9/18",3,0,0,0,298,31,10,4,3,156,0,0,0,0,0,4,43,165,260,0,139,0,3,88,140,0,0,19,19,0,6619,466,5,25,0,715,32,88,0,1612,124,0,0,20,0,0,0,0,134,0,4,245,14,58,8,3,177,0,0,0,0,106,63,3,0,30,329,14,7,17,10,14,2,19,46,88,0,0,0,0,0,0,0,9,0,0,2,0,22,1151,93,0,2,0,2,0,0,91,10,183,18,0,4,0,38,5,0,141,130,43,0,8,0,1063,2,3534,1639,16615,0,0,173,0,0,61,5,36,0,16,364,25,0
"2014/9/19",6,3,0,0,365,35,21,2,0,257,0,0,0,0,0,9,78,256,379,11,215,0,0,179,200,0,0,16,40,0,9558,602,15,33,0,1041,48,121,2,2488,205,0,0,17,0,3,0,0,220,0,0,314,12,90,12,11,198,0,0,0,0,121,62,0,0,57,484,14,14,12,12,15,0,25,80,83,0,0,0,8,0,0,0,9,0,0,0,0,24,2056,110,0,0,4,0,0,0,113,6,369,13,9,3,3,72,23,3,201,119,64,0,24,11,1474,0,5340,2435,27961,0,0,258,0,2,76,0,40,3,16,499,53,0
"2014/9/22",2,3,0,0,313,24,18,0,0,203,0,0,2,0,0,10,57,143,258,6,128,0,3,121,128,0,0,17,20,0,7793,397,9,20,0,745,43,89,0,1549,152,0,0,17,3,3,0,0,106,0,2,313,13,65,12,5,118,2,0,0,0,91,59,3,0,59,338,10,24,15,15,10,0,14,35,79,0,0,0,2,0,0,0,7,0,0,5,0,38,1391,77,0,0,2,0,4,0,79,6,202,11,3,0,0,46,7,0,182,154,42,0,11,0,1169,0,3681,1766,23294,0,0,226,0,0,55,2,23,0,5,304,30,0
"2014/9/23",0,0,0,0,424,20,28,0,0,261,0,0,0,0,0,9,78,202,414,6,175,0,0,120,169,0,0,20,27,0,8584,493,8,26,0,959,40,83,0,1958,169,0,0,16,0,0,0,0,147,0,0,336,17,84,21,0,99,3,0,0,0,142,54,7,0,60,501,18,14,26,13,14,0,20,54,61,0,0,0,0,0,0,0,8,0,0,0,0,16,1523,91,0,0,3,0,2,0,125,11,124,8,8,0,2,70,13,0,206,171,59,0,22,0,1269,2,5085,2184,24751,0,0,265,0,0,121,0,56,2,14,416,35,0
"2014/9/24",4,0,2,0,463,14,17,0,0,194,0,0,0,0,0,9,72,185,382,6,141,0,0,104,127,0,0,14,16,0,7448,385,7,20,0,863,38,58,2,1537,120,0,0,14,0,0,0,0,129,0,0,336,9,51,9,5,81,5,0,0,0,122,57,4,0,55,445,16,21,19,5,6,0,16,62,43,0,0,0,0,0,0,0,5,0,0,0,0,10,1184,74,0,0,4,4,0,0,98,6,186,6,7,3,0,64,10,0,140,109,51,0,11,0,1017,0,4736,1951,21752,0,0,255,0,0,67,0,38,7,14,358,18,0
"2014/9/25",0,0,2,0,335,8,13,0,2,131,0,0,3,0,0,4,54,139,234,3,111,0,5,66,78,0,0,12,24,0,4459,244,5,16,0,565,27,70,0,1087,83,0,0,15,0,0,0,0,90,0,2,224,5,34,4,4,67,2,0,0,0,61,47,0,0,36,270,18,4,12,6,9,2,14,38,38,0,0,0,0,0,0,0,11,0,0,0,0,7,676,49,0,0,2,2,0,0,74,8,86,2,2,4,0,39,6,0,103,77,40,0,15,0,563,0,2971,1322,14884,0,0,190,0,0,51,0,15,0,4,210,19,0
"2014/9/26",0,5,0,0,431,20,22,0,0,174,0,0,0,0,0,5,58,221,292,2,141,0,5,111,107,0,0,18,13,0,5420,301,4,17,0,568,46,81,0,1510,118,0,0,11,3,0,0,0,96,0,0,236,4,37,12,3,62,2,0,0,0,93,63,2,0,48,313,8,5,14,11,8,0,16,67,45,0,0,0,0,0,0,0,10,0,0,0,2,15,1063,58,0,0,5,0,0,0,108,5,171,8,5,0,0,41,12,2,163,112,39,0,25,0,762,0,3505,1515,17456,0,0,189,0,4,97,2,36,3,23,247,28,0
"2014/9/29",3,0,0,0,439,20,19,0,0,214,0,0,2,0,0,3,82,289,427,0,158,0,0,105,134,0,0,9,12,0,7555,325,8,16,0,717,22,74,0,1527,112,0,0,28,0,0,0,0,103,0,0,264,7,35,11,0,47,6,0,0,0,95,69,0,0,48,392,17,4,7,5,7,2,23,33,46,0,0,0,2,0,0,0,10,0,0,0,4,13,1020,79,0,0,5,0,3,0,89,0,55,8,0,0,0,45,9,0,140,129,53,0,14,5,970,0,4575,2105,23416,0,0,202,0,0,86,6,46,4,11,298,23,0
"2014/9/30",2,0,3,0,463,14,18,0,2,176,0,0,2,0,2,11,76,245,407,10,175,0,0,97,171,0,0,27,25,0,7991,334,0,16,0,876,27,87,0,1994,155,0,0,12,0,3,0,0,120,0,6,316,7,14,10,5,62,8,0,0,0,166,85,0,0,38,454,14,11,27,3,7,0,21,72,44,0,0,0,0,0,0,0,15,0,0,0,0,18,1208,74,0,0,0,0,5,0,138,4,83,13,9,0,2,60,5,0,185,154,49,0,19,0,1307,0,4835,2385,23167,0,0,183,0,0,93,4,64,13,23,329,36,0
"2014/10/3",0,3,0,0,449,12,22,0,0,159,0,0,0,0,0,5,68,300,458,4,175,0,0,134,137,0,0,13,22,0,7248,345,5,16,0,735,36,53,0,2096,165,0,0,25,4,2,0,0,149,0,4,277,6,16,6,3,54,5,0,0,0,143,74,5,0,65,457,18,17,16,8,6,2,14,44,29,0,0,0,2,0,0,0,7,0,0,0,0,14,1203,74,0,2,2,2,6,0,143,15,103,2,6,6,0,48,5,0,151,144,65,0,28,2,1135,0,4726,1945,21923,0,0,169,0,0,79,0,25,2,31,322,35,0
"2014/10/6",2,2,0,0,549,22,15,0,0,187,0,0,0,0,0,4,102,351,598,4,267,0,0,152,116,0,0,24,23,0,8947,294,0,14,0,884,24,80,0,2293,157,0,0,32,0,5,0,0,165,0,8,278,8,32,6,6,42,2,0,0,0,113,61,0,0,41,462,18,4,16,9,7,6,13,53,44,0,0,0,2,0,0,0,5,0,0,0,2,16,1482,30,0,0,0,0,4,0,113,4,47,3,2,5,2,48,13,0,190,170,57,0,13,0,1352,0,5498,2057,27411,0,0,172,0,0,87,2,22,3,16,304,46,0
"2014/10/7",5,0,0,0,556,11,19,0,0,245,0,0,2,0,0,10,104,389,512,5,231,0,0,178,243,0,0,23,33,0,10045,442,9,25,0,1173,48,109,0,3103,209,0,0,32,0,0,0,0,170,0,12,445,12,31,14,9,83,6,0,0,0,103,89,4,0,89,625,21,17,24,10,4,3,25,78,43,0,0,0,0,0,0,0,23,0,0,0,0,38,1439,80,0,0,0,2,14,2,179,3,61,10,5,10,2,52,9,0,259,221,84,0,30,2,1767,2,6707,3105,29574,0,0,243,0,4,109,3,52,5,18,425,60,0
"2014/10/8",0,0,0,0,304,9,6,0,0,115,0,0,0,0,0,2,52,200,244,0,124,0,0,73,87,0,0,16,16,0,5195,245,4,6,0,610,24,50,0,1422,75,0,0,12,2,2,0,0,81,0,4,294,0,14,3,2,37,5,0,0,0,75,48,2,0,43,261,9,5,19,13,4,3,5,35,19,0,0,0,0,0,0,0,4,0,0,0,0,8,826,45,0,0,3,2,10,0,126,3,39,9,0,2,0,42,0,0,96,115,35,0,12,3,711,0,3307,1406,13297,0,0,90,0,2,57,0,12,4,12,245,33,0
"2014/10/9",0,0,0,0,366,11,16,0,2,235,0,0,2,0,2,3,77,346,345,2,138,0,0,175,200,0,0,15,37,0,9921,461,0,18,0,1210,36,76,2,2017,139,0,0,28,0,0,0,0,106,0,6,546,3,22,11,3,78,4,0,0,0,119,92,4,0,75,412,14,25,28,14,13,6,23,71,31,0,0,0,2,0,0,0,16,0,0,0,0,11,1361,81,0,0,4,0,12,2,170,5,60,11,13,6,0,45,9,0,240,200,96,0,36,8,969,0,5364,2959,25223,0,0,249,0,2,95,2,42,9,12,367,34,0
"2014/10/10",5,6,0,0,381,4,16,0,0,213,0,0,2,0,0,9,88,295,387,4,151,0,0,130,177,0,0,23,17,0,8342,324,2,15,0,935,28,72,0,1858,131,0,0,15,0,2,0,0,84,0,0,429,6,8,9,0,85,3,0,0,0,117,47,3,0,43,302,9,9,19,8,5,4,26,69,25,0,0,0,4,0,0,0,8,0,0,0,0,13,1175,63,0,0,10,0,4,0,169,2,37,6,4,5,3,50,7,0,200,175,70,0,13,7,1022,0,4824,2557,23638,0,0,235,0,0,76,3,27,0,19,458,48,0
"2014/10/13",2,0,0,0,253,3,21,0,0,153,0,0,0,0,0,3,59,262,373,4,157,0,0,127,143,0,0,7,17,0,7046,268,7,10,0,839,38,65,0,1678,121,0,0,27,0,0,0,0,87,0,0,317,5,18,6,3,55,0,0,0,2,85,73,2,0,50,352,20,7,32,6,3,2,22,69,24,0,0,0,0,0,0,0,10,0,0,0,0,9,1024,50,0,0,2,0,12,0,117,2,39,4,2,4,0,44,8,0,190,140,46,0,19,3,921,0,4136,2112,17639,0,0,198,0,0,57,3,13,0,20,306,23,0
"2014/10/14",0,2,0,0,232,2,24,0,0,134,0,0,0,0,0,4,34,186,254,2,99,0,0,68,153,0,0,10,6,0,6079,209,0,12,0,813,12,55,0,1519,106,0,0,15,0,0,0,0,113,0,2,315,8,9,7,4,66,2,0,0,0,48,30,3,0,22,307,13,6,6,7,2,5,14,52,19,0,0,0,0,0,0,0,0,0,0,0,0,10,884,40,0,0,0,0,8,0,86,8,13,5,4,3,0,28,8,0,125,99,36,0,9,4,753,0,3331,1673,15530,0,0,227,0,0,47,3,24,0,14,268,43,0
"2014/10/15",0,0,2,0,252,2,13,0,0,100,0,0,3,0,0,3,46,154,180,2,78,0,0,87,78,0,0,5,26,0,4894,179,3,8,0,632,23,42,0,1329,64,0,0,13,0,0,0,0,68,0,3,291,7,9,5,2,48,2,0,0,3,83,37,4,0,30,220,11,0,6,8,2,3,6,54,18,0,0,0,2,0,0,0,3,0,0,0,0,10,884,34,0,0,0,2,5,0,78,3,18,5,0,11,0,16,8,0,115,105,36,0,10,2,622,0,2697,1287,13998,0,0,244,0,0,34,0,18,0,10,219,30,0
"2014/10/16",2,0,0,0,319,7,17,2,0,180,0,0,2,0,0,7,58,226,303,0,92,0,0,118,131,0,0,14,14,0,7637,250,2,7,0,808,41,49,4,1816,111,0,0,20,0,5,0,0,84,0,4,351,3,12,14,6,59,2,0,0,0,91,40,2,0,41,317,10,2,23,10,3,4,27,64,23,0,0,0,0,0,0,0,0,0,0,2,0,27,1436,47,0,0,0,0,12,0,107,6,36,0,5,8,0,51,9,0,218,156,54,0,15,2,867,0,3883,2116,20222,0,0,322,0,0,63,2,24,2,24,314,41,0
"2014/10/17",3,0,0,0,297,9,11,0,0,149,0,0,0,0,0,6,59,245,299,2,86,0,0,98,91,0,0,12,15,0,7360,241,0,10,0,797,33,27,0,1637,82,0,0,6,0,0,0,0,76,0,3,276,6,10,6,0,41,2,0,0,0,68,43,0,0,28,262,8,4,11,4,8,4,10,38,14,0,0,0,0,0,0,0,9,0,0,0,0,12,1074,38,0,0,0,2,2,0,86,3,13,5,7,3,3,32,8,0,164,140,38,0,7,6,859,2,3607,1795,17602,0,0,240,0,0,50,2,13,0,8,212,27,0
"2014/10/20",2,0,0,0,265,8,12,0,0,158,0,0,4,0,2,3,54,238,257,2,116,0,0,134,149,0,0,8,20,0,7026,285,0,17,0,880,34,63,0,1587,135,0,0,18,0,0,0,0,76,0,4,345,0,12,12,2,73,2,0,0,2,73,38,0,0,36,293,0,4,12,8,0,2,20,47,26,0,0,0,3,0,0,0,9,0,0,0,0,21,973,53,0,3,0,0,4,0,92,8,12,0,4,2,0,32,14,0,177,146,41,0,21,2,940,0,3755,1897,17352,0,0,291,0,0,55,5,22,0,26,289,27,0
"2014/10/21",0,0,0,0,205,17,10,0,0,148,0,0,2,0,0,2,54,142,226,0,79,0,0,116,129,0,0,12,13,0,6828,218,2,21,0,865,28,31,4,1470,98,0,0,15,0,0,0,0,77,0,2,270,2,15,5,3,51,3,0,0,0,78,46,3,0,29,284,8,5,15,13,5,0,17,68,24,0,0,0,0,0,0,0,16,0,0,0,0,20,1042,47,0,2,0,0,5,0,64,0,8,0,4,3,0,34,9,0,206,148,34,0,6,4,729,0,3432,1874,15662,0,0,197,0,2,31,3,20,5,19,220,38,0
"2014/10/22",2,0,2,0,370,15,17,2,0,205,0,0,0,0,3,2,77,238,310,4,105,0,0,121,163,0,0,25,15,0,8999,323,2,23,0,1104,33,55,2,1903,113,0,0,20,4,2,0,0,105,0,4,269,4,31,12,3,49,5,0,0,2,112,57,5,0,47,415,13,13,15,6,3,0,17,65,17,0,0,0,3,0,0,0,26,0,0,0,0,38,1273,74,0,2,0,0,5,0,78,0,40,3,11,5,0,69,6,0,224,189,40,0,15,3,1076,0,4438,2512,22879,0,0,215,0,0,42,4,55,8,65,271,50,0
"2014/10/23",0,0,0,0,459,14,15,0,0,174,0,0,3,0,2,11,79,244,386,4,118,0,0,136,173,0,0,10,27,0,8684,259,0,18,0,996,13,59,0,2066,166,0,0,19,4,0,0,0,94,0,5,292,11,27,10,0,42,4,0,0,0,130,43,2,0,38,414,11,11,26,12,0,0,26,76,20,0,0,0,2,0,0,0,25,0,0,0,0,33,985,76,0,0,0,0,2,0,142,0,25,3,6,2,0,56,13,0,222,183,33,0,15,3,1031,0,4652,2529,23806,0,0,256,0,0,62,0,46,10,36,259,53,0
"2014/10/24",0,0,0,0,247,8,9,0,0,109,0,0,0,0,0,8,48,133,189,2,75,0,0,100,91,0,0,7,5,0,4616,217,0,5,0,525,18,31,0,1076,47,2,0,14,0,0,0,0,38,0,0,197,3,12,3,4,35,0,0,0,0,74,26,0,0,41,205,6,7,16,4,2,2,16,33,17,0,0,0,0,0,0,0,17,0,0,0,0,23,529,61,0,0,3,0,2,0,105,6,37,5,7,6,0,15,6,0,118,87,33,0,4,4,498,0,2797,1367,11312,0,0,126,0,0,38,0,27,3,17,164,26,0
"2014/10/27",0,0,0,0,444,12,13,5,0,185,0,0,2,0,0,3,68,258,258,2,127,0,0,108,167,0,0,12,19,0,9406,327,0,14,0,1024,20,51,0,1813,120,0,0,21,0,0,0,0,63,0,5,320,6,31,7,2,49,3,0,0,0,108,32,2,0,47,409,18,12,10,11,3,2,17,69,15,0,0,0,0,0,0,0,11,0,0,0,0,20,1308,77,0,0,0,0,14,0,132,6,51,0,10,2,0,54,17,0,221,170,26,0,11,2,998,0,4654,2330,22341,0,0,239,0,0,64,4,55,11,34,313,44,0
"2014/10/28",3,0,0,0,460,14,16,0,2,205,0,0,2,0,2,4,69,249,316,5,85,0,0,118,194,0,0,6,22,0,9203,319,0,7,0,913,21,56,0,1824,130,0,0,24,5,0,0,0,66,0,8,374,6,11,9,2,25,4,0,0,2,131,49,3,0,38,369,14,10,32,4,3,0,27,78,23,0,0,0,4,0,0,0,25,0,0,0,0,34,1318,83,0,0,0,3,12,0,135,7,37,2,7,5,0,70,25,0,260,193,30,0,18,6,1190,0,4781,2721,25375,0,0,186,0,0,86,4,35,8,44,298,41,0
"2014/10/29",0,0,0,0,416,6,14,0,0,237,0,0,3,0,0,5,88,299,431,5,144,0,0,127,188,0,0,16,25,0,8957,357,0,15,0,1027,22,71,2,2137,142,0,0,22,0,2,0,0,66,0,8,339,2,20,5,2,45,5,0,0,0,180,50,10,0,47,516,17,14,31,8,3,2,31,85,20,0,0,0,2,0,0,0,16,0,0,0,0,30,922,64,0,0,0,0,15,0,108,3,32,2,2,13,0,71,14,0,271,219,33,0,14,4,1213,3,5423,3083,24366,0,3,239,0,0,67,11,63,10,46,357,36,0
"2014/10/30",5,0,2,0,467,11,8,3,0,240,0,0,2,0,0,0,53,200,325,2,102,0,0,97,143,0,0,10,18,0,7202,214,2,9,0,780,25,44,0,1447,111,0,0,16,2,2,0,0,61,0,0,328,3,4,3,3,28,8,0,0,0,106,31,8,0,31,313,13,5,13,7,0,8,14,48,14,0,0,0,0,0,0,0,21,0,0,0,0,21,762,35,0,0,0,0,21,0,90,4,126,5,3,17,0,64,11,0,191,136,18,0,18,5,812,0,4253,2142,20656,0,3,186,0,0,59,2,45,2,34,238,42,0
